deduplicated_event_id,protocol,scene_token,sample_token,identity,query_source,timestamp,candidate_count,candidates,r2_a_zero,r2_b_zero,r2_a_50iter,r2_b_50iter
1,camera_crash_10,325cef682f064c55a255f2625c533b75,609d5177362340458a3bfd4949cd1e64,32beeedcb9c44706802f47214e2c1d8f,propagated,1538984240.448,4,r2_a_50iter|r2_a_zero|r2_b_50iter|r2_b_zero,True,True,True,True
2,camera_crash_10,325cef682f064c55a255f2625c533b75,609d5177362340458a3bfd4949cd1e64,50f20841589c4a7da2f67c96e2a6b25e,propagated,1538984240.448,4,r2_a_50iter|r2_a_zero|r2_b_50iter|r2_b_zero,True,True,True,True
3,camera_crash_10,325cef682f064c55a255f2625c533b75,609d5177362340458a3bfd4949cd1e64,a146d0e0204643deb471d728e0243ddc,propagated,1538984240.448,4,r2_a_50iter|r2_a_zero|r2_b_50iter|r2_b_zero,True,True,True,True
4,camera_crash_10,325cef682f064c55a255f2625c533b75,609d5177362340458a3bfd4949cd1e64,"car:[733.0941772460938, 1809.73291015625, 1.3233369588851929]",base,1538984240.448,2,r2_a_zero|r2_b_zero,True,True,False,False
5,camera_crash_10,325cef682f064c55a255f2625c533b75,609d5177362340458a3bfd4949cd1e64,"car:[733.3480834960938, 1814.51611328125, 1.4475148916244507]",base,1538984240.448,2,r2_a_zero|r2_b_zero,True,True,False,False
6,camera_crash_10,325cef682f064c55a255f2625c533b75,609d5177362340458a3bfd4949cd1e64,"car:[733.4121704101562, 1809.8033447265625, 1.2326544523239136]",base,1538984240.448,2,r2_a_50iter|r2_b_50iter,False,False,True,True
7,camera_crash_10,325cef682f064c55a255f2625c533b75,609d5177362340458a3bfd4949cd1e64,"car:[733.747802734375, 1814.19921875, 1.4388891458511353]",base,1538984240.448,2,r2_a_50iter|r2_b_50iter,False,False,True,True
8,camera_crash_10,325cef682f064c55a255f2625c533b75,61a7bd24f88a46c2963280d8b13ac675,0b4e0eb8ab06454d8904248794faa095,propagated,1538984239.948,4,r2_a_50iter|r2_a_zero|r2_b_50iter|r2_b_zero,True,True,True,True
9,camera_crash_10,325cef682f064c55a255f2625c533b75,61a7bd24f88a46c2963280d8b13ac675,26ae4a920a9c4457909454cd8a84c959,propagated,1538984239.948,4,r2_a_50iter|r2_a_zero|r2_b_50iter|r2_b_zero,True,True,True,True
10,camera_crash_10,325cef682f064c55a255f2625c533b75,61a7bd24f88a46c2963280d8b13ac675,293abeb43b2a439abcd4ff08b981eeb9,propagated,1538984239.948,4,r2_a_50iter|r2_a_zero|r2_b_50iter|r2_b_zero,True,True,True,True
11,camera_crash_10,325cef682f064c55a255f2625c533b75,61a7bd24f88a46c2963280d8b13ac675,"bicycle:[732.8357543945312, 1813.25341796875, 0.42016589641571045]",propagated,1538984239.948,2,r2_a_50iter|r2_b_50iter,False,False,True,True
12,camera_crash_10,325cef682f064c55a255f2625c533b75,61a7bd24f88a46c2963280d8b13ac675,"bicycle:[732.8394165039062, 1813.2576904296875, 0.4284297227859497]",propagated,1538984239.948,2,r2_a_zero|r2_b_zero,True,True,False,False
13,camera_crash_10,325cef682f064c55a255f2625c533b75,61a7bd24f88a46c2963280d8b13ac675,"car:[732.95166015625, 1815.0274658203125, 0.3637346029281616]",propagated,1538984239.948,2,r2_a_50iter|r2_b_50iter,False,False,True,True
14,camera_crash_10,325cef682f064c55a255f2625c533b75,61a7bd24f88a46c2963280d8b13ac675,"car:[732.9566650390625, 1815.0250244140625, 0.37184321880340576]",propagated,1538984239.948,2,r2_a_zero|r2_b_zero,True,True,False,False
15,camera_crash_10,325cef682f064c55a255f2625c533b75,a19a80c905674faab7203a3a4e0f5246,"pedestrian:[729.02099609375, 1794.8804931640625, 1.8110531568527222]",propagated,1538984241.448,1,r2_a_50iter,False,False,True,False
16,camera_crash_10,325cef682f064c55a255f2625c533b75,a19a80c905674faab7203a3a4e0f5246,"pedestrian:[729.0228271484375, 1794.882568359375, 1.8110787868499756]",propagated,1538984241.448,1,r2_a_zero,True,False,False,False
17,camera_crash_10,325cef682f064c55a255f2625c533b75,b1303058fa624645b753d7283d70de45,"pedestrian:[729.2565307617188, 1795.9754638671875, 1.7327864170074463]",propagated,1538984240.948,1,r2_a_zero,True,False,False,False
18,camera_crash_10,325cef682f064c55a255f2625c533b75,b1303058fa624645b753d7283d70de45,"pedestrian:[729.2579345703125, 1795.980224609375, 1.7307372093200684]",propagated,1538984240.948,1,r2_a_50iter,False,False,True,False
19,camera_crash_10,fcbccedd61424f1b85dcbf8f897f9754,0a0d6b8c2e884134a3b48df43d54c36a,26bff5d4630648b1b6098b9686ceb66d,propagated,1533151611.447,2,r2_a_50iter|r2_a_zero,True,False,True,False
20,camera_crash_10,fcbccedd61424f1b85dcbf8f897f9754,0a0d6b8c2e884134a3b48df43d54c36a,76d8cb46cc974417a48dbe0dd2475072,propagated,1533151611.447,1,r2_a_zero,True,False,False,False
21,camera_crash_10,fcbccedd61424f1b85dcbf8f897f9754,0a0d6b8c2e884134a3b48df43d54c36a,7f45ead871644fb4bb1c5122472a74ac,propagated,1533151611.447,1,r2_a_50iter,False,False,True,False
22,camera_crash_10,fcbccedd61424f1b85dcbf8f897f9754,0a0d6b8c2e884134a3b48df43d54c36a,"pedestrian:[637.43408203125, 1643.225830078125, 0.95503830909729]",propagated,1533151611.447,1,r2_a_zero,True,False,False,False
23,camera_crash_10,fcbccedd61424f1b85dcbf8f897f9754,0a0d6b8c2e884134a3b48df43d54c36a,"pedestrian:[637.4423217773438, 1643.2174072265625, 0.9551466703414917]",propagated,1533151611.447,1,r2_a_50iter,False,False,True,False
24,camera_crash_10,fcbccedd61424f1b85dcbf8f897f9754,b22fa0b3c34f47b6a360b60f35d5d567,5b661c6079224ec1ab4d5f5ca9b47b1e,base,1533151610.947,2,r2_a_50iter|r2_a_zero,True,False,True,False
25,camera_crash_10,fcbccedd61424f1b85dcbf8f897f9754,b22fa0b3c34f47b6a360b60f35d5d567,8db6abbc78394cb3aea7ee03fb8f47b8,propagated,1533151610.947,1,r2_a_50iter,False,False,True,False
26,camera_crash_10,fcbccedd61424f1b85dcbf8f897f9754,b22fa0b3c34f47b6a360b60f35d5d567,a99ef7b74b354895aa2c60a68b33e333,propagated,1533151610.947,2,r2_a_50iter|r2_a_zero,True,False,True,False
27,camera_crash_10,fcbccedd61424f1b85dcbf8f897f9754,b22fa0b3c34f47b6a360b60f35d5d567,f2924215f98a4e8b82d61823f687548a,propagated,1533151610.947,1,r2_a_zero,True,False,False,False
28,camera_crash_10,fcbccedd61424f1b85dcbf8f897f9754,b22fa0b3c34f47b6a360b60f35d5d567,"pedestrian:[626.0098266601562, 1617.843505859375, 1.1016905307769775]",base,1533151610.947,1,r2_a_50iter,False,False,True,False
29,camera_crash_10,fcbccedd61424f1b85dcbf8f897f9754,b22fa0b3c34f47b6a360b60f35d5d567,"pedestrian:[630.0494384765625, 1643.5301513671875, 1.5073126554489136]",base,1533151610.947,1,r2_a_50iter,False,False,True,False
30,camera_crash_10,fcbccedd61424f1b85dcbf8f897f9754,b22fa0b3c34f47b6a360b60f35d5d567,"pedestrian:[630.0504760742188, 1643.521240234375, 1.5055216550827026]",base,1533151610.947,1,r2_a_zero,True,False,False,False
31,camera_crash_10,fcbccedd61424f1b85dcbf8f897f9754,b22fa0b3c34f47b6a360b60f35d5d567,"pedestrian:[633.7227172851562, 1647.1759033203125, 0.9716696739196777]",base,1533151610.947,1,r2_a_50iter,False,False,True,False
32,camera_crash_10,fcbccedd61424f1b85dcbf8f897f9754,b22fa0b3c34f47b6a360b60f35d5d567,"pedestrian:[633.7325439453125, 1647.1920166015625, 0.9735033512115479]",base,1533151610.947,1,r2_a_zero,True,False,False,False
33,camera_crash_10,fcbccedd61424f1b85dcbf8f897f9754,b22fa0b3c34f47b6a360b60f35d5d567,"pedestrian:[636.2639770507812, 1642.3033447265625, 0.9729907512664795]",propagated,1533151610.947,1,r2_a_zero,True,False,False,False
34,camera_crash_10,fcbccedd61424f1b85dcbf8f897f9754,b22fa0b3c34f47b6a360b60f35d5d567,"pedestrian:[636.2780151367188, 1642.3150634765625, 0.9729151725769043]",propagated,1533151610.947,1,r2_a_50iter,False,False,True,False
35,camera_crash_10,fcbccedd61424f1b85dcbf8f897f9754,de7593d76648450e947ba0c203dee1b0,0e9b314c6a1f41189116b67fb257d8ba,propagated,1533151609.947,4,r2_a_50iter|r2_a_zero|r2_b_50iter|r2_b_zero,True,True,True,True
36,camera_crash_10,fcbccedd61424f1b85dcbf8f897f9754,de7593d76648450e947ba0c203dee1b0,16a95164fcdd44e99cf99a93dd13b017,propagated,1533151609.947,4,r2_a_50iter|r2_a_zero|r2_b_50iter|r2_b_zero,True,True,True,True
37,camera_crash_10,fcbccedd61424f1b85dcbf8f897f9754,de7593d76648450e947ba0c203dee1b0,2f009793dd694578990c045dc8c77e31,propagated,1533151609.947,4,r2_a_50iter|r2_a_zero|r2_b_50iter|r2_b_zero,True,True,True,True
38,camera_crash_10,fcbccedd61424f1b85dcbf8f897f9754,de7593d76648450e947ba0c203dee1b0,4eb1a864acc24ef89aa487d5002cc071,propagated,1533151609.947,4,r2_a_50iter|r2_a_zero|r2_b_50iter|r2_b_zero,True,True,True,True
39,camera_crash_10,fcbccedd61424f1b85dcbf8f897f9754,de7593d76648450e947ba0c203dee1b0,7a0cca0f12d547518dd80d8df2c501bb,propagated,1533151609.947,4,r2_a_50iter|r2_a_zero|r2_b_50iter|r2_b_zero,True,True,True,True
40,camera_crash_10,fcbccedd61424f1b85dcbf8f897f9754,de7593d76648450e947ba0c203dee1b0,84b1b1dde33e44bea0d99dc3094fd49a,propagated,1533151609.947,4,r2_a_50iter|r2_a_zero|r2_b_50iter|r2_b_zero,True,True,True,True
41,camera_crash_10,fcbccedd61424f1b85dcbf8f897f9754,de7593d76648450e947ba0c203dee1b0,b73d145dba9145689b3ff2621c381fe4,propagated,1533151609.947,4,r2_a_50iter|r2_a_zero|r2_b_50iter|r2_b_zero,True,True,True,True
42,camera_crash_10,fcbccedd61424f1b85dcbf8f897f9754,de7593d76648450e947ba0c203dee1b0,bff8170575c24b5d8714061f5349892b,propagated,1533151609.947,4,r2_a_50iter|r2_a_zero|r2_b_50iter|r2_b_zero,True,True,True,True
43,camera_crash_10,fcbccedd61424f1b85dcbf8f897f9754,de7593d76648450e947ba0c203dee1b0,c97be344ac4143ffa69b0b5ed22f31c2,propagated,1533151609.947,4,r2_a_50iter|r2_a_zero|r2_b_50iter|r2_b_zero,True,True,True,True
44,camera_crash_10,fcbccedd61424f1b85dcbf8f897f9754,de7593d76648450e947ba0c203dee1b0,e833662c5eb64d2580f877fee97117c5,propagated,1533151609.947,4,r2_a_50iter|r2_a_zero|r2_b_50iter|r2_b_zero,True,True,True,True
45,camera_crash_10,fcbccedd61424f1b85dcbf8f897f9754,de7593d76648450e947ba0c203dee1b0,ebc5a02f9ea64bbd9f3ccc3b84563d35,propagated,1533151609.947,4,r2_a_50iter|r2_a_zero|r2_b_50iter|r2_b_zero,True,True,True,True
46,camera_crash_10,fcbccedd61424f1b85dcbf8f897f9754,de7593d76648450e947ba0c203dee1b0,"pedestrian:[607.518310546875, 1636.3602294921875, 1.6579536199569702]",propagated,1533151609.947,2,r2_a_zero|r2_b_zero,True,True,False,False
47,camera_crash_10,fcbccedd61424f1b85dcbf8f897f9754,de7593d76648450e947ba0c203dee1b0,"pedestrian:[607.5614013671875, 1636.3302001953125, 1.6606682538986206]",propagated,1533151609.947,2,r2_a_50iter|r2_b_50iter,False,False,True,True
48,camera_crash_10,fcbccedd61424f1b85dcbf8f897f9754,de7593d76648450e947ba0c203dee1b0,"pedestrian:[612.8433837890625, 1653.706787109375, 1.4363404512405396]",propagated,1533151609.947,2,r2_a_50iter|r2_b_50iter,False,False,True,True
49,camera_crash_10,fcbccedd61424f1b85dcbf8f897f9754,de7593d76648450e947ba0c203dee1b0,"pedestrian:[613.00830078125, 1651.974609375, 1.4004942178726196]",propagated,1533151609.947,2,r2_a_zero|r2_b_zero,True,True,False,False
50,camera_crash_10,fcbccedd61424f1b85dcbf8f897f9754,de7593d76648450e947ba0c203dee1b0,"pedestrian:[613.0341796875, 1651.9649658203125, 1.4018319845199585]",propagated,1533151609.947,2,r2_a_50iter|r2_b_50iter,False,False,True,True
51,camera_crash_10,fcbccedd61424f1b85dcbf8f897f9754,de7593d76648450e947ba0c203dee1b0,"pedestrian:[614.6234130859375, 1652.802490234375, 1.440897822380066]",propagated,1533151609.947,2,r2_a_50iter|r2_b_50iter,False,False,True,True
52,camera_crash_10,fcbccedd61424f1b85dcbf8f897f9754,de7593d76648450e947ba0c203dee1b0,"pedestrian:[614.6259765625, 1652.80322265625, 1.4406269788742065]",propagated,1533151609.947,2,r2_a_zero|r2_b_zero,True,True,False,False
53,camera_crash_10,fcbccedd61424f1b85dcbf8f897f9754,de7593d76648450e947ba0c203dee1b0,"pedestrian:[619.942626953125, 1650.548095703125, 1.4976609945297241]",propagated,1533151609.947,2,r2_a_50iter|r2_b_50iter,False,False,True,True
54,camera_crash_10,fcbccedd61424f1b85dcbf8f897f9754,de7593d76648450e947ba0c203dee1b0,"pedestrian:[626.05517578125, 1670.9951171875, 0.8676110506057739]",propagated,1533151609.947,2,r2_a_zero|r2_b_zero,True,True,False,False
55,camera_crash_10,fcbccedd61424f1b85dcbf8f897f9754,de7593d76648450e947ba0c203dee1b0,"pedestrian:[626.5091552734375, 1675.989013671875, 0.9268437623977661]",propagated,1533151609.947,2,r2_a_zero|r2_b_zero,True,True,False,False
56,camera_crash_10,fcbccedd61424f1b85dcbf8f897f9754,de7593d76648450e947ba0c203dee1b0,"pedestrian:[629.6771850585938, 1650.6048583984375, 1.0442415475845337]",propagated,1533151609.947,2,r2_a_zero|r2_b_zero,True,True,False,False
57,camera_crash_10,fcbccedd61424f1b85dcbf8f897f9754,de7593d76648450e947ba0c203dee1b0,"pedestrian:[629.7225341796875, 1650.6318359375, 1.0396183729171753]",propagated,1533151609.947,2,r2_a_50iter|r2_b_50iter,False,False,True,True
58,camera_crash_10,fcbccedd61424f1b85dcbf8f897f9754,de7593d76648450e947ba0c203dee1b0,"pedestrian:[632.1088256835938, 1648.3837890625, 1.0459704399108887]",propagated,1533151609.947,2,r2_a_50iter|r2_b_50iter,False,False,True,True
59,camera_crash_10,fcbccedd61424f1b85dcbf8f897f9754,de7593d76648450e947ba0c203dee1b0,"pedestrian:[632.1161499023438, 1648.3917236328125, 1.046981692314148]",propagated,1533151609.947,2,r2_a_zero|r2_b_zero,True,True,False,False
60,camera_crash_10,fcbccedd61424f1b85dcbf8f897f9754,de7593d76648450e947ba0c203dee1b0,"pedestrian:[632.3756713867188, 1648.706298828125, 1.0301107168197632]",propagated,1533151609.947,2,r2_a_50iter|r2_b_50iter,False,False,True,True
61,camera_crash_10,fcbccedd61424f1b85dcbf8f897f9754,de7593d76648450e947ba0c203dee1b0,"pedestrian:[632.4003295898438, 1648.733642578125, 1.0305705070495605]",propagated,1533151609.947,2,r2_a_zero|r2_b_zero,True,True,False,False
62,camera_crash_10,fcbccedd61424f1b85dcbf8f897f9754,de7593d76648450e947ba0c203dee1b0,"pedestrian:[633.1624145507812, 1639.1988525390625, 1.2287741899490356]",propagated,1533151609.947,2,r2_a_zero|r2_b_zero,True,True,False,False
63,camera_crash_10,fcbccedd61424f1b85dcbf8f897f9754,de7593d76648450e947ba0c203dee1b0,"pedestrian:[633.1679077148438, 1639.1976318359375, 1.2290446758270264]",propagated,1533151609.947,2,r2_a_50iter|r2_b_50iter,False,False,True,True
64,camera_crash_10,fcbccedd61424f1b85dcbf8f897f9754,de7593d76648450e947ba0c203dee1b0,"pedestrian:[633.1957397460938, 1649.233154296875, 0.9919627904891968]",propagated,1533151609.947,2,r2_a_50iter|r2_b_50iter,False,False,True,True
65,camera_crash_10,fcbccedd61424f1b85dcbf8f897f9754,de7593d76648450e947ba0c203dee1b0,"pedestrian:[633.2081298828125, 1649.2489013671875, 0.9920631647109985]",propagated,1533151609.947,2,r2_a_zero|r2_b_zero,True,True,False,False
66,camera_crash_10,fcbccedd61424f1b85dcbf8f897f9754,de7593d76648450e947ba0c203dee1b0,"pedestrian:[633.287841796875, 1650.236572265625, 1.002838134765625]",propagated,1533151609.947,2,r2_a_zero|r2_b_zero,True,True,False,False
67,camera_crash_10,fcbccedd61424f1b85dcbf8f897f9754,de7593d76648450e947ba0c203dee1b0,"pedestrian:[633.2911376953125, 1650.2244873046875, 0.999970555305481]",propagated,1533151609.947,2,r2_a_50iter|r2_b_50iter,False,False,True,True
68,camera_crash_10,fcbccedd61424f1b85dcbf8f897f9754,de7593d76648450e947ba0c203dee1b0,"pedestrian:[633.5875244140625, 1646.08935546875, 1.0011202096939087]",propagated,1533151609.947,2,r2_a_zero|r2_b_zero,True,True,False,False
69,camera_crash_10,fcbccedd61424f1b85dcbf8f897f9754,de7593d76648450e947ba0c203dee1b0,"pedestrian:[633.5931396484375, 1646.095458984375, 1.000680923461914]",propagated,1533151609.947,2,r2_a_50iter|r2_b_50iter,False,False,True,True
70,camera_crash_10,fcbccedd61424f1b85dcbf8f897f9754,de7593d76648450e947ba0c203dee1b0,"pedestrian:[633.6901245117188, 1643.1328125, 1.1269481182098389]",propagated,1533151609.947,2,r2_a_50iter|r2_b_50iter,False,False,True,True
71,camera_crash_10,fcbccedd61424f1b85dcbf8f897f9754,de7593d76648450e947ba0c203dee1b0,"pedestrian:[633.7107543945312, 1647.606689453125, 0.9817436933517456]",propagated,1533151609.947,2,r2_a_zero|r2_b_zero,True,True,False,False
72,camera_crash_10,fcbccedd61424f1b85dcbf8f897f9754,de7593d76648450e947ba0c203dee1b0,"pedestrian:[633.717041015625, 1647.632568359375, 0.9813128709793091]",propagated,1533151609.947,2,r2_a_50iter|r2_b_50iter,False,False,True,True
73,camera_crash_10,fcbccedd61424f1b85dcbf8f897f9754,de7593d76648450e947ba0c203dee1b0,"pedestrian:[633.803466796875, 1643.1085205078125, 1.1188358068466187]",propagated,1533151609.947,2,r2_a_zero|r2_b_zero,True,True,False,False
74,camera_crash_10,fcbccedd61424f1b85dcbf8f897f9754,de7593d76648450e947ba0c203dee1b0,"pedestrian:[635.664306640625, 1641.027587890625, 1.0212808847427368]",propagated,1533151609.947,2,r2_a_50iter|r2_b_50iter,False,False,True,True
75,camera_crash_10,fcbccedd61424f1b85dcbf8f897f9754,de7593d76648450e947ba0c203dee1b0,"pedestrian:[635.6665649414062, 1641.0396728515625, 1.020782709121704]",propagated,1533151609.947,2,r2_a_zero|r2_b_zero,True,True,False,False
76,camera_crash_10,fcbccedd61424f1b85dcbf8f897f9754,de7593d76648450e947ba0c203dee1b0,"traffic_cone:[604.3899536132812, 1633.471435546875, 1.3197482824325562]",propagated,1533151609.947,2,r2_a_zero|r2_b_zero,True,True,False,False
77,camera_crash_10,fcbccedd61424f1b85dcbf8f897f9754,de7593d76648450e947ba0c203dee1b0,"traffic_cone:[604.4032592773438, 1633.46923828125, 1.318149209022522]",propagated,1533151609.947,2,r2_a_50iter|r2_b_50iter,False,False,True,True
78,camera_crash_10,fcbccedd61424f1b85dcbf8f897f9754,f753d3f87e5b40af87ff2cbf7c8e7082,081c19290123437ba6a3617344bbb55d,base,1533151610.447,4,r2_a_50iter|r2_a_zero|r2_b_50iter|r2_b_zero,True,True,True,True
79,camera_crash_10,fcbccedd61424f1b85dcbf8f897f9754,f753d3f87e5b40af87ff2cbf7c8e7082,0af15fef1ea54711846a22c13ab87a73,base,1533151610.447,4,r2_a_50iter|r2_a_zero|r2_b_50iter|r2_b_zero,True,True,True,True
80,camera_crash_10,fcbccedd61424f1b85dcbf8f897f9754,f753d3f87e5b40af87ff2cbf7c8e7082,0af15fef1ea54711846a22c13ab87a73,propagated,1533151610.447,4,r2_a_50iter|r2_a_zero|r2_b_50iter|r2_b_zero,True,True,True,True
81,camera_crash_10,fcbccedd61424f1b85dcbf8f897f9754,f753d3f87e5b40af87ff2cbf7c8e7082,135bbe9c408f42dc8731b501122e9973,base,1533151610.447,4,r2_a_50iter|r2_a_zero|r2_b_50iter|r2_b_zero,True,True,True,True
82,camera_crash_10,fcbccedd61424f1b85dcbf8f897f9754,f753d3f87e5b40af87ff2cbf7c8e7082,1bf77b2cec7b435593052cad0182316c,base,1533151610.447,2,r2_a_zero|r2_b_zero,True,True,False,False
83,camera_crash_10,fcbccedd61424f1b85dcbf8f897f9754,f753d3f87e5b40af87ff2cbf7c8e7082,1bf77b2cec7b435593052cad0182316c,propagated,1533151610.447,2,r2_a_50iter|r2_b_50iter,False,False,True,True
84,camera_crash_10,fcbccedd61424f1b85dcbf8f897f9754,f753d3f87e5b40af87ff2cbf7c8e7082,2b5c84ef9b6e417aabc0ee048e3c4ca0,base,1533151610.447,4,r2_a_50iter|r2_a_zero|r2_b_50iter|r2_b_zero,True,True,True,True
85,camera_crash_10,fcbccedd61424f1b85dcbf8f897f9754,f753d3f87e5b40af87ff2cbf7c8e7082,2c9deea58db742879c21342d4685e0ce,base,1533151610.447,4,r2_a_50iter|r2_a_zero|r2_b_50iter|r2_b_zero,True,True,True,True
86,camera_crash_10,fcbccedd61424f1b85dcbf8f897f9754,f753d3f87e5b40af87ff2cbf7c8e7082,492dd3a15f894562b56ba7a00b39e47b,propagated,1533151610.447,4,r2_a_50iter|r2_a_zero|r2_b_50iter|r2_b_zero,True,True,True,True
87,camera_crash_10,fcbccedd61424f1b85dcbf8f897f9754,f753d3f87e5b40af87ff2cbf7c8e7082,4d6aa69d243546859c9cd3081c2ca101,base,1533151610.447,4,r2_a_50iter|r2_a_zero|r2_b_50iter|r2_b_zero,True,True,True,True
88,camera_crash_10,fcbccedd61424f1b85dcbf8f897f9754,f753d3f87e5b40af87ff2cbf7c8e7082,78fc00fbc8fa4c8ba304d3165d719b92,base,1533151610.447,4,r2_a_50iter|r2_a_zero|r2_b_50iter|r2_b_zero,True,True,True,True
89,camera_crash_10,fcbccedd61424f1b85dcbf8f897f9754,f753d3f87e5b40af87ff2cbf7c8e7082,82a62ee4c5bc4e44a889b406e868444d,propagated,1533151610.447,4,r2_a_50iter|r2_a_zero|r2_b_50iter|r2_b_zero,True,True,True,True
90,camera_crash_10,fcbccedd61424f1b85dcbf8f897f9754,f753d3f87e5b40af87ff2cbf7c8e7082,dbed4cee903546d5b402f9ace1d3f399,propagated,1533151610.447,4,r2_a_50iter|r2_a_zero|r2_b_50iter|r2_b_zero,True,True,True,True
91,camera_crash_10,fcbccedd61424f1b85dcbf8f897f9754,f753d3f87e5b40af87ff2cbf7c8e7082,"pedestrian:[603.4990234375, 1633.90771484375, 1.53264582157135]",base,1533151610.447,2,r2_a_50iter|r2_b_50iter,False,False,True,True
92,camera_crash_10,fcbccedd61424f1b85dcbf8f897f9754,f753d3f87e5b40af87ff2cbf7c8e7082,"pedestrian:[603.5525512695312, 1633.9415283203125, 1.529781460762024]",base,1533151610.447,2,r2_a_zero|r2_b_zero,True,True,False,False
93,camera_crash_10,fcbccedd61424f1b85dcbf8f897f9754,f753d3f87e5b40af87ff2cbf7c8e7082,"pedestrian:[607.5421142578125, 1636.3739013671875, 1.6738044023513794]",base,1533151610.447,2,r2_a_50iter|r2_b_50iter,False,False,True,True
94,camera_crash_10,fcbccedd61424f1b85dcbf8f897f9754,f753d3f87e5b40af87ff2cbf7c8e7082,"pedestrian:[607.5577392578125, 1636.37451171875, 1.6721466779708862]",base,1533151610.447,2,r2_a_zero|r2_b_zero,True,True,False,False
95,camera_crash_10,fcbccedd61424f1b85dcbf8f897f9754,f753d3f87e5b40af87ff2cbf7c8e7082,"pedestrian:[612.4761352539062, 1653.0303955078125, 1.8442307710647583]",base,1533151610.447,2,r2_a_50iter|r2_b_50iter,False,False,True,True
96,camera_crash_10,fcbccedd61424f1b85dcbf8f897f9754,f753d3f87e5b40af87ff2cbf7c8e7082,"pedestrian:[612.4899291992188, 1653.0235595703125, 1.8438109159469604]",base,1533151610.447,2,r2_a_zero|r2_b_zero,True,True,False,False
97,camera_crash_10,fcbccedd61424f1b85dcbf8f897f9754,f753d3f87e5b40af87ff2cbf7c8e7082,"pedestrian:[613.0787353515625, 1652.8602294921875, 1.7445579767227173]",base,1533151610.447,2,r2_a_zero|r2_b_zero,True,True,False,False
98,camera_crash_10,fcbccedd61424f1b85dcbf8f897f9754,f753d3f87e5b40af87ff2cbf7c8e7082,"pedestrian:[613.08154296875, 1652.853515625, 1.7448023557662964]",base,1533151610.447,2,r2_a_50iter|r2_b_50iter,False,False,True,True
99,camera_crash_10,fcbccedd61424f1b85dcbf8f897f9754,f753d3f87e5b40af87ff2cbf7c8e7082,"pedestrian:[619.5242309570312, 1651.2103271484375, 1.5855447053909302]",base,1533151610.447,2,r2_a_50iter|r2_b_50iter,False,False,True,True
100,camera_crash_10,fcbccedd61424f1b85dcbf8f897f9754,f753d3f87e5b40af87ff2cbf7c8e7082,"pedestrian:[625.8076171875, 1617.56494140625, 1.0666379928588867]",propagated,1533151610.447,2,r2_a_50iter|r2_b_50iter,False,False,True,True
101,camera_crash_10,fcbccedd61424f1b85dcbf8f897f9754,f753d3f87e5b40af87ff2cbf7c8e7082,"pedestrian:[625.822021484375, 1617.5633544921875, 1.067789077758789]",propagated,1533151610.447,2,r2_a_zero|r2_b_zero,True,True,False,False
102,camera_crash_10,fcbccedd61424f1b85dcbf8f897f9754,f753d3f87e5b40af87ff2cbf7c8e7082,"pedestrian:[626.0021362304688, 1669.7603759765625, 0.8723119497299194]",propagated,1533151610.447,2,r2_a_zero|r2_b_zero,True,True,False,False
103,camera_crash_10,fcbccedd61424f1b85dcbf8f897f9754,f753d3f87e5b40af87ff2cbf7c8e7082,"pedestrian:[627.9688110351562, 1674.614990234375, 0.8875995874404907]",propagated,1533151610.447,2,r2_a_zero|r2_b_zero,True,True,False,False
104,camera_crash_10,fcbccedd61424f1b85dcbf8f897f9754,f753d3f87e5b40af87ff2cbf7c8e7082,"pedestrian:[629.6674194335938, 1649.2789306640625, 1.239965796470642]",base,1533151610.447,2,r2_a_50iter|r2_b_50iter,False,False,True,True
105,camera_crash_10,fcbccedd61424f1b85dcbf8f897f9754,f753d3f87e5b40af87ff2cbf7c8e7082,"pedestrian:[629.7403564453125, 1649.408935546875, 1.237148404121399]",base,1533151610.447,2,r2_a_zero|r2_b_zero,True,True,False,False
106,camera_crash_10,fcbccedd61424f1b85dcbf8f897f9754,f753d3f87e5b40af87ff2cbf7c8e7082,"pedestrian:[630.7672729492188, 1649.69677734375, 1.0715898275375366]",propagated,1533151610.447,2,r2_a_zero|r2_b_zero,True,True,False,False
107,camera_crash_10,fcbccedd61424f1b85dcbf8f897f9754,f753d3f87e5b40af87ff2cbf7c8e7082,"pedestrian:[630.926513671875, 1649.7225341796875, 1.0558363199234009]",propagated,1533151610.447,2,r2_a_50iter|r2_b_50iter,False,False,True,True
108,camera_crash_10,fcbccedd61424f1b85dcbf8f897f9754,f753d3f87e5b40af87ff2cbf7c8e7082,"pedestrian:[633.5039672851562, 1648.799072265625, 0.9071081876754761]",base,1533151610.447,2,r2_a_50iter|r2_b_50iter,False,False,True,True
109,camera_crash_10,fcbccedd61424f1b85dcbf8f897f9754,f753d3f87e5b40af87ff2cbf7c8e7082,"pedestrian:[633.5045776367188, 1648.7957763671875, 0.9097722768783569]",base,1533151610.447,2,r2_a_zero|r2_b_zero,True,True,False,False
110,camera_crash_10,fcbccedd61424f1b85dcbf8f897f9754,f753d3f87e5b40af87ff2cbf7c8e7082,"pedestrian:[633.8558349609375, 1650.309814453125, 0.9565786123275757]",propagated,1533151610.447,2,r2_a_50iter|r2_b_50iter,False,False,True,True
111,camera_crash_10,fcbccedd61424f1b85dcbf8f897f9754,f753d3f87e5b40af87ff2cbf7c8e7082,"pedestrian:[633.8565063476562, 1650.317626953125, 0.9594136476516724]",propagated,1533151610.447,2,r2_a_zero|r2_b_zero,True,True,False,False
112,camera_crash_10,fcbccedd61424f1b85dcbf8f897f9754,f753d3f87e5b40af87ff2cbf7c8e7082,"pedestrian:[634.2635498046875, 1649.1612548828125, 0.9210184812545776]",propagated,1533151610.447,2,r2_a_50iter|r2_b_50iter,False,False,True,True
113,camera_crash_10,fcbccedd61424f1b85dcbf8f897f9754,f753d3f87e5b40af87ff2cbf7c8e7082,"pedestrian:[634.266357421875, 1649.1651611328125, 0.9219313859939575]",propagated,1533151610.447,2,r2_a_zero|r2_b_zero,True,True,False,False
114,camera_crash_10,fcbccedd61424f1b85dcbf8f897f9754,f753d3f87e5b40af87ff2cbf7c8e7082,"pedestrian:[634.3922729492188, 1645.0235595703125, 0.9579063653945923]",base,1533151610.447,2,r2_a_50iter|r2_b_50iter,False,False,True,True
115,camera_crash_10,fcbccedd61424f1b85dcbf8f897f9754,f753d3f87e5b40af87ff2cbf7c8e7082,"pedestrian:[634.3948974609375, 1645.0340576171875, 0.9551546573638916]",base,1533151610.447,2,r2_a_zero|r2_b_zero,True,True,False,False
116,camera_crash_10,fcbccedd61424f1b85dcbf8f897f9754,f753d3f87e5b40af87ff2cbf7c8e7082,"pedestrian:[634.5640258789062, 1647.585205078125, 0.8788493871688843]",base,1533151610.447,2,r2_a_50iter|r2_b_50iter,False,False,True,True
117,camera_crash_10,fcbccedd61424f1b85dcbf8f897f9754,f753d3f87e5b40af87ff2cbf7c8e7082,"pedestrian:[634.5726318359375, 1647.61962890625, 0.8793364763259888]",base,1533151610.447,2,r2_a_zero|r2_b_zero,True,True,False,False
118,camera_crash_10,fcbccedd61424f1b85dcbf8f897f9754,f753d3f87e5b40af87ff2cbf7c8e7082,"pedestrian:[634.6260375976562, 1647.054443359375, 0.9575365781784058]",propagated,1533151610.447,2,r2_a_zero|r2_b_zero,True,True,False,False
119,camera_crash_10,fcbccedd61424f1b85dcbf8f897f9754,f753d3f87e5b40af87ff2cbf7c8e7082,"pedestrian:[634.6339111328125, 1647.0548095703125, 0.9594732522964478]",propagated,1533151610.447,2,r2_a_50iter|r2_b_50iter,False,False,True,True
120,camera_crash_10,fcbccedd61424f1b85dcbf8f897f9754,f753d3f87e5b40af87ff2cbf7c8e7082,"pedestrian:[636.306396484375, 1641.926513671875, 0.9687402248382568]",propagated,1533151610.447,2,r2_a_zero|r2_b_zero,True,True,False,False
121,camera_crash_10,fcbccedd61424f1b85dcbf8f897f9754,f753d3f87e5b40af87ff2cbf7c8e7082,"pedestrian:[636.3292236328125, 1641.9400634765625, 0.9704389572143555]",propagated,1533151610.447,2,r2_a_50iter|r2_b_50iter,False,False,True,True
122,camera_crash_5,325cef682f064c55a255f2625c533b75,5b7cb170eee6468aa1fdbd3abcf63c5a,1549e245295746028d52a8225503af6c,propagated,1538984237.447,4,r2_a_50iter|r2_a_zero|r2_b_50iter|r2_b_zero,True,True,True,True
123,camera_crash_5,325cef682f064c55a255f2625c533b75,5b7cb170eee6468aa1fdbd3abcf63c5a,4568d80512604a31a3adc93ff236bf5a,propagated,1538984237.447,4,r2_a_50iter|r2_a_zero|r2_b_50iter|r2_b_zero,True,True,True,True
124,camera_crash_5,325cef682f064c55a255f2625c533b75,5b7cb170eee6468aa1fdbd3abcf63c5a,"pedestrian:[726.204345703125, 1811.6407470703125, 1.2082812786102295]",propagated,1538984237.447,2,r2_a_50iter|r2_b_50iter,False,False,True,True
125,camera_crash_5,325cef682f064c55a255f2625c533b75,5b7cb170eee6468aa1fdbd3abcf63c5a,"pedestrian:[726.2145385742188, 1811.6458740234375, 1.2116243839263916]",propagated,1538984237.447,2,r2_a_zero|r2_b_zero,True,True,False,False
126,camera_crash_5,325cef682f064c55a255f2625c533b75,5b7cb170eee6468aa1fdbd3abcf63c5a,"pedestrian:[728.5009765625, 1808.869873046875, 1.2098486423492432]",propagated,1538984237.447,2,r2_a_zero|r2_b_zero,True,True,False,False
127,camera_crash_5,325cef682f064c55a255f2625c533b75,5b7cb170eee6468aa1fdbd3abcf63c5a,"pedestrian:[728.5225830078125, 1808.8638916015625, 1.204956293106079]",propagated,1538984237.447,2,r2_a_50iter|r2_b_50iter,False,False,True,True
128,camera_crash_5,325cef682f064c55a255f2625c533b75,5b7cb170eee6468aa1fdbd3abcf63c5a,"pedestrian:[728.7748413085938, 1813.5870361328125, 1.2373195886611938]",propagated,1538984237.447,2,r2_a_zero|r2_b_zero,True,True,False,False
129,camera_crash_5,325cef682f064c55a255f2625c533b75,5b7cb170eee6468aa1fdbd3abcf63c5a,"pedestrian:[728.7802734375, 1813.59521484375, 1.2356889247894287]",propagated,1538984237.447,2,r2_a_50iter|r2_b_50iter,False,False,True,True
130,camera_crash_5,325cef682f064c55a255f2625c533b75,d8251bbc2105497ab8ec80827d4429aa,0cab2896be4349ed88f59c84642e4b87,base,1538984237.947,4,r2_a_50iter|r2_a_zero|r2_b_50iter|r2_b_zero,True,True,True,True
131,camera_crash_5,325cef682f064c55a255f2625c533b75,d8251bbc2105497ab8ec80827d4429aa,"pedestrian:[726.0220947265625, 1810.082275390625, 1.1984386444091797]",propagated,1538984237.947,2,r2_a_50iter|r2_b_50iter,False,False,True,True
132,camera_crash_5,325cef682f064c55a255f2625c533b75,d8251bbc2105497ab8ec80827d4429aa,"pedestrian:[726.0294189453125, 1810.076171875, 1.1986182928085327]",propagated,1538984237.947,2,r2_a_zero|r2_b_zero,True,True,False,False
133,camera_crash_5,325cef682f064c55a255f2625c533b75,d8251bbc2105497ab8ec80827d4429aa,"pedestrian:[727.1399536132812, 1811.2984619140625, 1.2211594581604004]",propagated,1538984237.947,2,r2_a_zero|r2_b_zero,True,True,False,False
134,camera_crash_5,325cef682f064c55a255f2625c533b75,d8251bbc2105497ab8ec80827d4429aa,"pedestrian:[727.1425170898438, 1811.306396484375, 1.2209571599960327]",propagated,1538984237.947,2,r2_a_50iter|r2_b_50iter,False,False,True,True
135,camera_crash_5,325cef682f064c55a255f2625c533b75,d8251bbc2105497ab8ec80827d4429aa,"pedestrian:[728.5361328125, 1809.3067626953125, 1.2673932313919067]",base,1538984237.947,2,r2_a_50iter|r2_b_50iter,False,False,True,True
136,camera_crash_5,325cef682f064c55a255f2625c533b75,d8251bbc2105497ab8ec80827d4429aa,"pedestrian:[728.5363159179688, 1809.3067626953125, 1.2680362462997437]",base,1538984237.947,2,r2_a_zero|r2_b_zero,True,True,False,False
137,camera_crash_5,325cef682f064c55a255f2625c533b75,d8251bbc2105497ab8ec80827d4429aa,"pedestrian:[729.100830078125, 1812.48291015625, 1.0932884216308594]",base,1538984237.947,2,r2_a_50iter|r2_b_50iter,False,False,True,True
138,camera_crash_5,325cef682f064c55a255f2625c533b75,d8251bbc2105497ab8ec80827d4429aa,"pedestrian:[729.1123657226562, 1812.48388671875, 1.0924137830734253]",base,1538984237.947,2,r2_a_zero|r2_b_zero,True,True,False,False
139,camera_crash_5,fcbccedd61424f1b85dcbf8f897f9754,796b1988dd254f74bf2fb19ba9c5b8c6,"pedestrian:[601.7750244140625, 1638.2835693359375, 2.116011381149292]",propagated,1533151609.048,1,r2_a_50iter,False,False,True,False
140,camera_crash_5,fcbccedd61424f1b85dcbf8f897f9754,796b1988dd254f74bf2fb19ba9c5b8c6,"pedestrian:[601.778076171875, 1638.2890625, 2.11295485496521]",propagated,1533151609.048,1,r2_a_zero,True,False,False,False
141,camera_crash_5,fcbccedd61424f1b85dcbf8f897f9754,a98fba72bde9433fb882032d18aedb2e,5db23fd0e3e04ee5b67ef422e0587c05,base,1533151608.048,4,r2_a_50iter|r2_a_zero|r2_b_50iter|r2_b_zero,True,True,True,True
142,camera_crash_5,fcbccedd61424f1b85dcbf8f897f9754,a98fba72bde9433fb882032d18aedb2e,ceb756ea79d746f391bac2cbc7b8a9be,base,1533151608.048,4,r2_a_50iter|r2_a_zero|r2_b_50iter|r2_b_zero,True,True,True,True
143,camera_crash_5,fcbccedd61424f1b85dcbf8f897f9754,a98fba72bde9433fb882032d18aedb2e,e891b3d6e16345b98532385e3a092bec,base,1533151608.048,4,r2_a_50iter|r2_a_zero|r2_b_50iter|r2_b_zero,True,True,True,True
144,camera_crash_5,fcbccedd61424f1b85dcbf8f897f9754,a98fba72bde9433fb882032d18aedb2e,ead8e7366a4e42b68b1f4dc053697652,base,1533151608.048,4,r2_a_50iter|r2_a_zero|r2_b_50iter|r2_b_zero,True,True,True,True
145,camera_crash_5,fcbccedd61424f1b85dcbf8f897f9754,a98fba72bde9433fb882032d18aedb2e,"pedestrian:[600.5948486328125, 1638.53662109375, 2.1844496726989746]",propagated,1533151608.048,2,r2_a_zero|r2_b_zero,True,True,False,False
146,camera_crash_5,fcbccedd61424f1b85dcbf8f897f9754,a98fba72bde9433fb882032d18aedb2e,"pedestrian:[600.6345825195312, 1638.5826416015625, 2.1838202476501465]",propagated,1533151608.048,2,r2_a_50iter|r2_b_50iter,False,False,True,True
147,camera_crash_5,fcbccedd61424f1b85dcbf8f897f9754,a98fba72bde9433fb882032d18aedb2e,"pedestrian:[600.7971801757812, 1636.377685546875, 2.142906665802002]",propagated,1533151608.048,2,r2_a_50iter|r2_b_50iter,False,False,True,True
148,camera_crash_5,fcbccedd61424f1b85dcbf8f897f9754,a98fba72bde9433fb882032d18aedb2e,"pedestrian:[600.84765625, 1636.41796875, 2.1423044204711914]",propagated,1533151608.048,2,r2_a_zero|r2_b_zero,True,True,False,False
149,camera_crash_5,fcbccedd61424f1b85dcbf8f897f9754,a98fba72bde9433fb882032d18aedb2e,"traffic_cone:[604.3856811523438, 1633.4454345703125, 1.8536357879638672]",propagated,1533151608.048,2,r2_a_zero|r2_b_zero,True,True,False,False
150,camera_crash_5,fcbccedd61424f1b85dcbf8f897f9754,a98fba72bde9433fb882032d18aedb2e,"traffic_cone:[604.4108276367188, 1633.4571533203125, 1.850250005722046]",propagated,1533151608.048,2,r2_a_50iter|r2_b_50iter,False,False,True,True
151,camera_crash_5,fcbccedd61424f1b85dcbf8f897f9754,b6b0d9f2f2e14a3aaa2c8aedeb1edb69,"pedestrian:[601.4658203125, 1639.532470703125, 2.194276809692383]",propagated,1533151608.548,1,r2_a_zero,True,False,False,False
152,camera_crash_5,fcbccedd61424f1b85dcbf8f897f9754,b6b0d9f2f2e14a3aaa2c8aedeb1edb69,"pedestrian:[601.4677734375, 1639.52783203125, 2.1944985389709473]",propagated,1533151608.548,1,r2_a_50iter,False,False,True,False
153,camera_crash_5,fcbccedd61424f1b85dcbf8f897f9754,fa65a298c01f44e7a182bbf9e5fe3697,09ed64da038c4baba2468c94874e1e19,propagated,1533151607.549,4,r2_a_50iter|r2_a_zero|r2_b_50iter|r2_b_zero,True,True,True,True
154,camera_crash_5,fcbccedd61424f1b85dcbf8f897f9754,fa65a298c01f44e7a182bbf9e5fe3697,101185cd967c4b039511966867bd0c55,propagated,1533151607.549,4,r2_a_50iter|r2_a_zero|r2_b_50iter|r2_b_zero,True,True,True,True
155,camera_crash_5,fcbccedd61424f1b85dcbf8f897f9754,fa65a298c01f44e7a182bbf9e5fe3697,9e8c9ceb4d984442b41fcc25342df4b4,propagated,1533151607.549,4,r2_a_50iter|r2_a_zero|r2_b_50iter|r2_b_zero,True,True,True,True
156,camera_crash_5,fcbccedd61424f1b85dcbf8f897f9754,fa65a298c01f44e7a182bbf9e5fe3697,aa0ab0cab40d4467aa12cd5c491829d3,propagated,1533151607.549,4,r2_a_50iter|r2_a_zero|r2_b_50iter|r2_b_zero,True,True,True,True
157,camera_crash_5,fcbccedd61424f1b85dcbf8f897f9754,fa65a298c01f44e7a182bbf9e5fe3697,"barrier:[615.0804443359375, 1642.7197265625, 1.624693751335144]",propagated,1533151607.549,2,r2_a_zero|r2_b_zero,True,True,False,False
158,camera_crash_5,fcbccedd61424f1b85dcbf8f897f9754,fa65a298c01f44e7a182bbf9e5fe3697,"barrier:[615.1172485351562, 1642.69189453125, 1.6269035339355469]",propagated,1533151607.549,2,r2_a_50iter|r2_b_50iter,False,False,True,True
159,camera_crash_5,fcbccedd61424f1b85dcbf8f897f9754,fa65a298c01f44e7a182bbf9e5fe3697,"pedestrian:[601.79052734375, 1636.06103515625, 2.017747402191162]",propagated,1533151607.549,2,r2_a_zero|r2_b_zero,True,True,False,False
160,camera_crash_5,fcbccedd61424f1b85dcbf8f897f9754,fa65a298c01f44e7a182bbf9e5fe3697,"pedestrian:[601.795654296875, 1636.050048828125, 2.018500804901123]",propagated,1533151607.549,2,r2_a_50iter|r2_b_50iter,False,False,True,True
161,camera_crash_5,fcbccedd61424f1b85dcbf8f897f9754,fa65a298c01f44e7a182bbf9e5fe3697,"traffic_cone:[605.2904663085938, 1634.4642333984375, 1.6020662784576416]",propagated,1533151607.549,2,r2_a_zero|r2_b_zero,True,True,False,False
162,camera_crash_5,fcbccedd61424f1b85dcbf8f897f9754,fa65a298c01f44e7a182bbf9e5fe3697,"traffic_cone:[605.2908325195312, 1634.4642333984375, 1.6013104915618896]",propagated,1533151607.549,2,r2_a_50iter|r2_b_50iter,False,False,True,True
163,compound,325cef682f064c55a255f2625c533b75,609d5177362340458a3bfd4949cd1e64,32beeedcb9c44706802f47214e2c1d8f,base,1538984240.448,4,r2_a_50iter|r2_a_zero|r2_b_50iter|r2_b_zero,True,True,True,True
164,compound,325cef682f064c55a255f2625c533b75,609d5177362340458a3bfd4949cd1e64,a146d0e0204643deb471d728e0243ddc,propagated,1538984240.448,4,r2_a_50iter|r2_a_zero|r2_b_50iter|r2_b_zero,True,True,True,True
165,compound,325cef682f064c55a255f2625c533b75,609d5177362340458a3bfd4949cd1e64,"car:[733.1473388671875, 1809.8349609375, 1.2802444696426392]",base,1538984240.448,2,r2_a_zero|r2_b_zero,True,True,False,False
166,compound,325cef682f064c55a255f2625c533b75,609d5177362340458a3bfd4949cd1e64,"car:[733.222412109375, 1809.716552734375, 1.3000162839889526]",base,1538984240.448,2,r2_a_50iter|r2_b_50iter,False,False,True,True
167,compound,325cef682f064c55a255f2625c533b75,609d5177362340458a3bfd4949cd1e64,"car:[733.2279663085938, 1814.5367431640625, 1.438416838645935]",base,1538984240.448,2,r2_a_zero|r2_b_zero,True,True,False,False
168,compound,325cef682f064c55a255f2625c533b75,609d5177362340458a3bfd4949cd1e64,"car:[733.25048828125, 1814.5081787109375, 1.4405790567398071]",base,1538984240.448,2,r2_a_50iter|r2_b_50iter,False,False,True,True
169,compound,325cef682f064c55a255f2625c533b75,609d5177362340458a3bfd4949cd1e64,"pedestrian:[715.1368408203125, 1787.043212890625, 1.3189963102340698]",propagated,1538984240.448,2,r2_a_50iter|r2_b_50iter,False,False,True,True
170,compound,325cef682f064c55a255f2625c533b75,609d5177362340458a3bfd4949cd1e64,"pedestrian:[715.1460571289062, 1787.0455322265625, 1.3202738761901855]",propagated,1538984240.448,2,r2_a_zero|r2_b_zero,True,True,False,False
171,compound,325cef682f064c55a255f2625c533b75,609d5177362340458a3bfd4949cd1e64,"pedestrian:[730.4161376953125, 1791.9517822265625, 1.313266634941101]",base,1538984240.448,2,r2_a_50iter|r2_b_50iter,False,False,True,True
172,compound,325cef682f064c55a255f2625c533b75,609d5177362340458a3bfd4949cd1e64,"pedestrian:[730.426025390625, 1791.9608154296875, 1.3180335760116577]",base,1538984240.448,2,r2_a_zero|r2_b_zero,True,True,False,False
173,compound,325cef682f064c55a255f2625c533b75,61a7bd24f88a46c2963280d8b13ac675,0b4e0eb8ab06454d8904248794faa095,propagated,1538984239.948,4,r2_a_50iter|r2_a_zero|r2_b_50iter|r2_b_zero,True,True,True,True
174,compound,325cef682f064c55a255f2625c533b75,61a7bd24f88a46c2963280d8b13ac675,26ae4a920a9c4457909454cd8a84c959,propagated,1538984239.948,4,r2_a_50iter|r2_a_zero|r2_b_50iter|r2_b_zero,True,True,True,True
175,compound,325cef682f064c55a255f2625c533b75,61a7bd24f88a46c2963280d8b13ac675,293abeb43b2a439abcd4ff08b981eeb9,propagated,1538984239.948,4,r2_a_50iter|r2_a_zero|r2_b_50iter|r2_b_zero,True,True,True,True
176,compound,325cef682f064c55a255f2625c533b75,61a7bd24f88a46c2963280d8b13ac675,"bicycle:[732.8453979492188, 1813.2744140625, 0.4451826810836792]",propagated,1538984239.948,2,r2_a_50iter|r2_b_50iter,False,False,True,True
177,compound,325cef682f064c55a255f2625c533b75,61a7bd24f88a46c2963280d8b13ac675,"bicycle:[732.8546752929688, 1813.2542724609375, 0.4505249261856079]",propagated,1538984239.948,2,r2_a_zero|r2_b_zero,True,True,False,False
178,compound,325cef682f064c55a255f2625c533b75,61a7bd24f88a46c2963280d8b13ac675,"car:[732.9468994140625, 1815.0064697265625, 0.39183151721954346]",propagated,1538984239.948,2,r2_a_50iter|r2_b_50iter,False,False,True,True
179,compound,325cef682f064c55a255f2625c533b75,61a7bd24f88a46c2963280d8b13ac675,"car:[732.9564819335938, 1814.997314453125, 0.39811766147613525]",propagated,1538984239.948,2,r2_a_zero|r2_b_zero,True,True,False,False
180,compound,325cef682f064c55a255f2625c533b75,61a7bd24f88a46c2963280d8b13ac675,"pedestrian:[730.3248291015625, 1791.9886474609375, 1.155726671218872]",propagated,1538984239.948,2,r2_a_50iter|r2_b_50iter,False,False,True,True
181,compound,325cef682f064c55a255f2625c533b75,61a7bd24f88a46c2963280d8b13ac675,"pedestrian:[730.3267211914062, 1791.9896240234375, 1.154712200164795]",propagated,1538984239.948,2,r2_a_zero|r2_b_zero,True,True,False,False
182,compound,325cef682f064c55a255f2625c533b75,a19a80c905674faab7203a3a4e0f5246,"pedestrian:[730.1113891601562, 1795.12744140625, 1.873913049697876]",base,1538984241.448,1,r2_a_50iter,False,False,True,False
183,compound,325cef682f064c55a255f2625c533b75,a19a80c905674faab7203a3a4e0f5246,"pedestrian:[730.1424560546875, 1795.0777587890625, 1.856831669807434]",base,1538984241.448,1,r2_a_zero,True,False,False,False
184,compound,325cef682f064c55a255f2625c533b75,b1303058fa624645b753d7283d70de45,"pedestrian:[729.2703247070312, 1795.9935302734375, 1.7227611541748047]",propagated,1538984240.948,1,r2_a_50iter,False,False,True,False
185,compound,325cef682f064c55a255f2625c533b75,b1303058fa624645b753d7283d70de45,"pedestrian:[729.275146484375, 1796.005126953125, 1.722977638244629]",propagated,1538984240.948,1,r2_a_zero,True,False,False,False
186,compound,fcbccedd61424f1b85dcbf8f897f9754,0a0d6b8c2e884134a3b48df43d54c36a,26bff5d4630648b1b6098b9686ceb66d,propagated,1533151611.447,2,r2_a_50iter|r2_a_zero,True,False,True,False
187,compound,fcbccedd61424f1b85dcbf8f897f9754,0a0d6b8c2e884134a3b48df43d54c36a,76d8cb46cc974417a48dbe0dd2475072,propagated,1533151611.447,1,r2_a_zero,True,False,False,False
188,compound,fcbccedd61424f1b85dcbf8f897f9754,0a0d6b8c2e884134a3b48df43d54c36a,ca8a7df86d6a4da18f32807ba2b74fe0,propagated,1533151611.447,1,r2_a_50iter,False,False,True,False
189,compound,fcbccedd61424f1b85dcbf8f897f9754,0a0d6b8c2e884134a3b48df43d54c36a,f5c91bd47b4c4888bcd88928a18e9411,propagated,1533151611.447,2,r2_a_50iter|r2_a_zero,True,False,True,False
190,compound,fcbccedd61424f1b85dcbf8f897f9754,0a0d6b8c2e884134a3b48df43d54c36a,"pedestrian:[633.202392578125, 1649.4302978515625, 0.9948129653930664]",base,1533151611.447,1,r2_a_zero,True,False,False,False
191,compound,fcbccedd61424f1b85dcbf8f897f9754,0a0d6b8c2e884134a3b48df43d54c36a,"pedestrian:[635.6383666992188, 1641.1741943359375, 0.9861264228820801]",base,1533151611.447,1,r2_a_50iter,False,False,True,False
192,compound,fcbccedd61424f1b85dcbf8f897f9754,0a0d6b8c2e884134a3b48df43d54c36a,"pedestrian:[637.7755126953125, 1643.9786376953125, 0.9568506479263306]",propagated,1533151611.447,1,r2_a_50iter,False,False,True,False
193,compound,fcbccedd61424f1b85dcbf8f897f9754,b22fa0b3c34f47b6a360b60f35d5d567,40510ce822614183a46ea070927b1c35,propagated,1533151610.947,2,r2_a_50iter|r2_a_zero,True,False,True,False
194,compound,fcbccedd61424f1b85dcbf8f897f9754,b22fa0b3c34f47b6a360b60f35d5d567,a99ef7b74b354895aa2c60a68b33e333,propagated,1533151610.947,2,r2_a_50iter|r2_a_zero,True,False,True,False
195,compound,fcbccedd61424f1b85dcbf8f897f9754,b22fa0b3c34f47b6a360b60f35d5d567,f2924215f98a4e8b82d61823f687548a,propagated,1533151610.947,2,r2_a_50iter|r2_a_zero,True,False,True,False
196,compound,fcbccedd61424f1b85dcbf8f897f9754,b22fa0b3c34f47b6a360b60f35d5d567,"pedestrian:[633.3788452148438, 1649.873046875, 1.0134577751159668]",propagated,1533151610.947,1,r2_a_zero,True,False,False,False
197,compound,fcbccedd61424f1b85dcbf8f897f9754,b22fa0b3c34f47b6a360b60f35d5d567,"pedestrian:[633.7146606445312, 1647.2198486328125, 0.9886120557785034]",base,1533151610.947,1,r2_a_zero,True,False,False,False
198,compound,fcbccedd61424f1b85dcbf8f897f9754,b22fa0b3c34f47b6a360b60f35d5d567,"pedestrian:[633.72998046875, 1647.182373046875, 0.9809008836746216]",base,1533151610.947,1,r2_a_50iter,False,False,True,False
199,compound,fcbccedd61424f1b85dcbf8f897f9754,b22fa0b3c34f47b6a360b60f35d5d567,"pedestrian:[635.624267578125, 1641.4071044921875, 0.9764482975006104]",propagated,1533151610.947,1,r2_a_50iter,False,False,True,False
200,compound,fcbccedd61424f1b85dcbf8f897f9754,b22fa0b3c34f47b6a360b60f35d5d567,"pedestrian:[637.471923828125, 1643.1983642578125, 1.026747703552246]",propagated,1533151610.947,1,r2_a_50iter,False,False,True,False
201,compound,fcbccedd61424f1b85dcbf8f897f9754,de7593d76648450e947ba0c203dee1b0,0e9b314c6a1f41189116b67fb257d8ba,propagated,1533151609.947,4,r2_a_50iter|r2_a_zero|r2_b_50iter|r2_b_zero,True,True,True,True
202,compound,fcbccedd61424f1b85dcbf8f897f9754,de7593d76648450e947ba0c203dee1b0,16a95164fcdd44e99cf99a93dd13b017,propagated,1533151609.947,4,r2_a_50iter|r2_a_zero|r2_b_50iter|r2_b_zero,True,True,True,True
203,compound,fcbccedd61424f1b85dcbf8f897f9754,de7593d76648450e947ba0c203dee1b0,2f009793dd694578990c045dc8c77e31,propagated,1533151609.947,4,r2_a_50iter|r2_a_zero|r2_b_50iter|r2_b_zero,True,True,True,True
204,compound,fcbccedd61424f1b85dcbf8f897f9754,de7593d76648450e947ba0c203dee1b0,4eb1a864acc24ef89aa487d5002cc071,propagated,1533151609.947,4,r2_a_50iter|r2_a_zero|r2_b_50iter|r2_b_zero,True,True,True,True
205,compound,fcbccedd61424f1b85dcbf8f897f9754,de7593d76648450e947ba0c203dee1b0,7a0cca0f12d547518dd80d8df2c501bb,propagated,1533151609.947,4,r2_a_50iter|r2_a_zero|r2_b_50iter|r2_b_zero,True,True,True,True
206,compound,fcbccedd61424f1b85dcbf8f897f9754,de7593d76648450e947ba0c203dee1b0,84b1b1dde33e44bea0d99dc3094fd49a,propagated,1533151609.947,4,r2_a_50iter|r2_a_zero|r2_b_50iter|r2_b_zero,True,True,True,True
207,compound,fcbccedd61424f1b85dcbf8f897f9754,de7593d76648450e947ba0c203dee1b0,b73d145dba9145689b3ff2621c381fe4,propagated,1533151609.947,4,r2_a_50iter|r2_a_zero|r2_b_50iter|r2_b_zero,True,True,True,True
208,compound,fcbccedd61424f1b85dcbf8f897f9754,de7593d76648450e947ba0c203dee1b0,bff8170575c24b5d8714061f5349892b,propagated,1533151609.947,4,r2_a_50iter|r2_a_zero|r2_b_50iter|r2_b_zero,True,True,True,True
209,compound,fcbccedd61424f1b85dcbf8f897f9754,de7593d76648450e947ba0c203dee1b0,"bicycle:[615.733154296875, 1644.483154296875, 1.5290902853012085]",propagated,1533151609.947,2,r2_a_zero|r2_b_zero,True,True,False,False
210,compound,fcbccedd61424f1b85dcbf8f897f9754,de7593d76648450e947ba0c203dee1b0,"bicycle:[615.756103515625, 1644.56005859375, 1.5308295488357544]",propagated,1533151609.947,2,r2_a_50iter|r2_b_50iter,False,False,True,True
211,compound,fcbccedd61424f1b85dcbf8f897f9754,de7593d76648450e947ba0c203dee1b0,c97be344ac4143ffa69b0b5ed22f31c2,propagated,1533151609.947,4,r2_a_50iter|r2_a_zero|r2_b_50iter|r2_b_zero,True,True,True,True
212,compound,fcbccedd61424f1b85dcbf8f897f9754,de7593d76648450e947ba0c203dee1b0,cf11445013d14ce98d71c50b898e0744,propagated,1533151609.947,4,r2_a_50iter|r2_a_zero|r2_b_50iter|r2_b_zero,True,True,True,True
213,compound,fcbccedd61424f1b85dcbf8f897f9754,de7593d76648450e947ba0c203dee1b0,e833662c5eb64d2580f877fee97117c5,propagated,1533151609.947,4,r2_a_50iter|r2_a_zero|r2_b_50iter|r2_b_zero,True,True,True,True
214,compound,fcbccedd61424f1b85dcbf8f897f9754,de7593d76648450e947ba0c203dee1b0,ebc5a02f9ea64bbd9f3ccc3b84563d35,propagated,1533151609.947,4,r2_a_50iter|r2_a_zero|r2_b_50iter|r2_b_zero,True,True,True,True
215,compound,fcbccedd61424f1b85dcbf8f897f9754,de7593d76648450e947ba0c203dee1b0,"pedestrian:[607.322998046875, 1636.4130859375, 1.7365096807479858]",propagated,1533151609.947,2,r2_a_zero|r2_b_zero,True,True,False,False
216,compound,fcbccedd61424f1b85dcbf8f897f9754,de7593d76648450e947ba0c203dee1b0,"pedestrian:[607.8574829101562, 1636.221435546875, 1.6356803178787231]",propagated,1533151609.947,2,r2_a_50iter|r2_b_50iter,False,False,True,True
217,compound,fcbccedd61424f1b85dcbf8f897f9754,de7593d76648450e947ba0c203dee1b0,"pedestrian:[609.1365966796875, 1635.79931640625, 1.6596835851669312]",propagated,1533151609.947,2,r2_a_50iter|r2_b_50iter,False,False,True,True
218,compound,fcbccedd61424f1b85dcbf8f897f9754,de7593d76648450e947ba0c203dee1b0,"pedestrian:[613.0381469726562, 1651.989990234375, 1.4392491579055786]",propagated,1533151609.947,2,r2_a_50iter|r2_b_50iter,False,False,True,True
219,compound,fcbccedd61424f1b85dcbf8f897f9754,de7593d76648450e947ba0c203dee1b0,"pedestrian:[613.0742797851562, 1651.987060546875, 1.4682210683822632]",propagated,1533151609.947,2,r2_a_zero|r2_b_zero,True,True,False,False
220,compound,fcbccedd61424f1b85dcbf8f897f9754,de7593d76648450e947ba0c203dee1b0,"pedestrian:[614.5350341796875, 1652.77685546875, 1.4829195737838745]",propagated,1533151609.947,2,r2_a_zero|r2_b_zero,True,True,False,False
221,compound,fcbccedd61424f1b85dcbf8f897f9754,de7593d76648450e947ba0c203dee1b0,"pedestrian:[614.5626220703125, 1652.8304443359375, 1.4728437662124634]",propagated,1533151609.947,2,r2_a_50iter|r2_b_50iter,False,False,True,True
222,compound,fcbccedd61424f1b85dcbf8f897f9754,de7593d76648450e947ba0c203dee1b0,"pedestrian:[619.9796142578125, 1650.3636474609375, 1.5234330892562866]",propagated,1533151609.947,2,r2_a_zero|r2_b_zero,True,True,False,False
223,compound,fcbccedd61424f1b85dcbf8f897f9754,de7593d76648450e947ba0c203dee1b0,"pedestrian:[619.9891967773438, 1650.368408203125, 1.5245686769485474]",propagated,1533151609.947,2,r2_a_50iter|r2_b_50iter,False,False,True,True
224,compound,fcbccedd61424f1b85dcbf8f897f9754,de7593d76648450e947ba0c203dee1b0,"pedestrian:[623.934326171875, 1671.8759765625, 0.9464958906173706]",propagated,1533151609.947,2,r2_a_zero|r2_b_zero,True,True,False,False
225,compound,fcbccedd61424f1b85dcbf8f897f9754,de7593d76648450e947ba0c203dee1b0,"pedestrian:[624.0274047851562, 1671.9637451171875, 0.9616907835006714]",propagated,1533151609.947,2,r2_a_50iter|r2_b_50iter,False,False,True,True
226,compound,fcbccedd61424f1b85dcbf8f897f9754,de7593d76648450e947ba0c203dee1b0,"pedestrian:[625.2484130859375, 1667.6151123046875, 0.9106985330581665]",propagated,1533151609.947,2,r2_a_50iter|r2_b_50iter,False,False,True,True
227,compound,fcbccedd61424f1b85dcbf8f897f9754,de7593d76648450e947ba0c203dee1b0,"pedestrian:[625.2706298828125, 1667.6490478515625, 0.8967362642288208]",propagated,1533151609.947,2,r2_a_zero|r2_b_zero,True,True,False,False
228,compound,fcbccedd61424f1b85dcbf8f897f9754,de7593d76648450e947ba0c203dee1b0,"pedestrian:[626.2907104492188, 1670.5693359375, 0.7465106248855591]",propagated,1533151609.947,2,r2_a_50iter|r2_b_50iter,False,False,True,True
229,compound,fcbccedd61424f1b85dcbf8f897f9754,de7593d76648450e947ba0c203dee1b0,"pedestrian:[626.6278686523438, 1670.0584716796875, 0.7777506113052368]",propagated,1533151609.947,2,r2_a_zero|r2_b_zero,True,True,False,False
230,compound,fcbccedd61424f1b85dcbf8f897f9754,de7593d76648450e947ba0c203dee1b0,"pedestrian:[626.6488037109375, 1670.0650634765625, 0.7905505895614624]",propagated,1533151609.947,2,r2_a_50iter|r2_b_50iter,False,False,True,True
231,compound,fcbccedd61424f1b85dcbf8f897f9754,de7593d76648450e947ba0c203dee1b0,"pedestrian:[629.6487426757812, 1650.5855712890625, 1.0523465871810913]",propagated,1533151609.947,2,r2_a_zero|r2_b_zero,True,True,False,False
232,compound,fcbccedd61424f1b85dcbf8f897f9754,de7593d76648450e947ba0c203dee1b0,"pedestrian:[632.079833984375, 1648.3189697265625, 1.0651559829711914]",propagated,1533151609.947,2,r2_a_50iter|r2_b_50iter,False,False,True,True
233,compound,fcbccedd61424f1b85dcbf8f897f9754,de7593d76648450e947ba0c203dee1b0,"pedestrian:[632.0940551757812, 1648.3162841796875, 1.0633819103240967]",propagated,1533151609.947,2,r2_a_zero|r2_b_zero,True,True,False,False
234,compound,fcbccedd61424f1b85dcbf8f897f9754,de7593d76648450e947ba0c203dee1b0,"pedestrian:[632.4676513671875, 1648.7110595703125, 1.0454885959625244]",propagated,1533151609.947,2,r2_a_50iter|r2_b_50iter,False,False,True,True
235,compound,fcbccedd61424f1b85dcbf8f897f9754,de7593d76648450e947ba0c203dee1b0,"pedestrian:[632.4680786132812, 1648.7193603515625, 1.0427722930908203]",propagated,1533151609.947,2,r2_a_zero|r2_b_zero,True,True,False,False
236,compound,fcbccedd61424f1b85dcbf8f897f9754,de7593d76648450e947ba0c203dee1b0,"pedestrian:[633.16748046875, 1639.140869140625, 1.2408652305603027]",propagated,1533151609.947,2,r2_a_zero|r2_b_zero,True,True,False,False
237,compound,fcbccedd61424f1b85dcbf8f897f9754,de7593d76648450e947ba0c203dee1b0,"pedestrian:[633.1712036132812, 1639.1484375, 1.2412893772125244]",propagated,1533151609.947,2,r2_a_50iter|r2_b_50iter,False,False,True,True
238,compound,fcbccedd61424f1b85dcbf8f897f9754,de7593d76648450e947ba0c203dee1b0,"pedestrian:[633.3134765625, 1649.2608642578125, 1.010736346244812]",propagated,1533151609.947,2,r2_a_50iter|r2_b_50iter,False,False,True,True
239,compound,fcbccedd61424f1b85dcbf8f897f9754,de7593d76648450e947ba0c203dee1b0,"pedestrian:[633.315185546875, 1649.25439453125, 1.0062943696975708]",propagated,1533151609.947,2,r2_a_zero|r2_b_zero,True,True,False,False
240,compound,fcbccedd61424f1b85dcbf8f897f9754,de7593d76648450e947ba0c203dee1b0,"pedestrian:[633.6001586914062, 1646.1033935546875, 1.0137547254562378]",propagated,1533151609.947,2,r2_a_50iter|r2_b_50iter,False,False,True,True
241,compound,fcbccedd61424f1b85dcbf8f897f9754,de7593d76648450e947ba0c203dee1b0,"pedestrian:[633.6021728515625, 1646.0933837890625, 1.0117988586425781]",propagated,1533151609.947,2,r2_a_zero|r2_b_zero,True,True,False,False
242,compound,fcbccedd61424f1b85dcbf8f897f9754,de7593d76648450e947ba0c203dee1b0,"pedestrian:[633.7216186523438, 1647.6207275390625, 1.0022685527801514]",propagated,1533151609.947,2,r2_a_50iter|r2_b_50iter,False,False,True,True
243,compound,fcbccedd61424f1b85dcbf8f897f9754,de7593d76648450e947ba0c203dee1b0,"pedestrian:[633.7290649414062, 1647.61279296875, 0.9999165534973145]",propagated,1533151609.947,2,r2_a_zero|r2_b_zero,True,True,False,False
244,compound,fcbccedd61424f1b85dcbf8f897f9754,de7593d76648450e947ba0c203dee1b0,"pedestrian:[635.4395141601562, 1641.796875, 0.9983081817626953]",propagated,1533151609.947,2,r2_a_zero|r2_b_zero,True,True,False,False
245,compound,fcbccedd61424f1b85dcbf8f897f9754,de7593d76648450e947ba0c203dee1b0,"pedestrian:[635.4542236328125, 1641.712646484375, 1.0007591247558594]",propagated,1533151609.947,2,r2_a_50iter|r2_b_50iter,False,False,True,True
246,compound,fcbccedd61424f1b85dcbf8f897f9754,de7593d76648450e947ba0c203dee1b0,"pedestrian:[635.5234375, 1641.60595703125, 1.0056158304214478]",propagated,1533151609.947,2,r2_a_zero|r2_b_zero,True,True,False,False
247,compound,fcbccedd61424f1b85dcbf8f897f9754,de7593d76648450e947ba0c203dee1b0,"pedestrian:[635.6363525390625, 1640.943359375, 1.0295159816741943]",propagated,1533151609.947,2,r2_a_zero|r2_b_zero,True,True,False,False
248,compound,fcbccedd61424f1b85dcbf8f897f9754,de7593d76648450e947ba0c203dee1b0,"pedestrian:[635.6439819335938, 1640.9609375, 1.0235354900360107]",propagated,1533151609.947,2,r2_a_50iter|r2_b_50iter,False,False,True,True
249,compound,fcbccedd61424f1b85dcbf8f897f9754,de7593d76648450e947ba0c203dee1b0,"traffic_cone:[604.411865234375, 1633.506591796875, 1.3465417623519897]",propagated,1533151609.947,2,r2_a_50iter|r2_b_50iter,False,False,True,True
250,compound,fcbccedd61424f1b85dcbf8f897f9754,de7593d76648450e947ba0c203dee1b0,"traffic_cone:[604.4254760742188, 1633.488037109375, 1.3621312379837036]",propagated,1533151609.947,2,r2_a_zero|r2_b_zero,True,True,False,False
251,compound,fcbccedd61424f1b85dcbf8f897f9754,de7593d76648450e947ba0c203dee1b0,"traffic_cone:[626.4850463867188, 1670.2841796875, 0.7612513303756714]",propagated,1533151609.947,2,r2_a_zero|r2_b_zero,True,True,False,False
252,compound,fcbccedd61424f1b85dcbf8f897f9754,f753d3f87e5b40af87ff2cbf7c8e7082,081c19290123437ba6a3617344bbb55d,base,1533151610.447,4,r2_a_50iter|r2_a_zero|r2_b_50iter|r2_b_zero,True,True,True,True
253,compound,fcbccedd61424f1b85dcbf8f897f9754,f753d3f87e5b40af87ff2cbf7c8e7082,081c19290123437ba6a3617344bbb55d,propagated,1533151610.447,4,r2_a_50iter|r2_a_zero|r2_b_50iter|r2_b_zero,True,True,True,True
254,compound,fcbccedd61424f1b85dcbf8f897f9754,f753d3f87e5b40af87ff2cbf7c8e7082,0af15fef1ea54711846a22c13ab87a73,base,1533151610.447,4,r2_a_50iter|r2_a_zero|r2_b_50iter|r2_b_zero,True,True,True,True
255,compound,fcbccedd61424f1b85dcbf8f897f9754,f753d3f87e5b40af87ff2cbf7c8e7082,0af15fef1ea54711846a22c13ab87a73,propagated,1533151610.447,4,r2_a_50iter|r2_a_zero|r2_b_50iter|r2_b_zero,True,True,True,True
256,compound,fcbccedd61424f1b85dcbf8f897f9754,f753d3f87e5b40af87ff2cbf7c8e7082,135bbe9c408f42dc8731b501122e9973,base,1533151610.447,4,r2_a_50iter|r2_a_zero|r2_b_50iter|r2_b_zero,True,True,True,True
257,compound,fcbccedd61424f1b85dcbf8f897f9754,f753d3f87e5b40af87ff2cbf7c8e7082,1bf77b2cec7b435593052cad0182316c,base,1533151610.447,4,r2_a_50iter|r2_a_zero|r2_b_50iter|r2_b_zero,True,True,True,True
258,compound,fcbccedd61424f1b85dcbf8f897f9754,f753d3f87e5b40af87ff2cbf7c8e7082,2b5c84ef9b6e417aabc0ee048e3c4ca0,base,1533151610.447,4,r2_a_50iter|r2_a_zero|r2_b_50iter|r2_b_zero,True,True,True,True
259,compound,fcbccedd61424f1b85dcbf8f897f9754,f753d3f87e5b40af87ff2cbf7c8e7082,2c9deea58db742879c21342d4685e0ce,base,1533151610.447,4,r2_a_50iter|r2_a_zero|r2_b_50iter|r2_b_zero,True,True,True,True
260,compound,fcbccedd61424f1b85dcbf8f897f9754,f753d3f87e5b40af87ff2cbf7c8e7082,492dd3a15f894562b56ba7a00b39e47b,propagated,1533151610.447,4,r2_a_50iter|r2_a_zero|r2_b_50iter|r2_b_zero,True,True,True,True
261,compound,fcbccedd61424f1b85dcbf8f897f9754,f753d3f87e5b40af87ff2cbf7c8e7082,78fc00fbc8fa4c8ba304d3165d719b92,base,1533151610.447,4,r2_a_50iter|r2_a_zero|r2_b_50iter|r2_b_zero,True,True,True,True
262,compound,fcbccedd61424f1b85dcbf8f897f9754,f753d3f87e5b40af87ff2cbf7c8e7082,82a62ee4c5bc4e44a889b406e868444d,propagated,1533151610.447,4,r2_a_50iter|r2_a_zero|r2_b_50iter|r2_b_zero,True,True,True,True
263,compound,fcbccedd61424f1b85dcbf8f897f9754,f753d3f87e5b40af87ff2cbf7c8e7082,b5be02d305d14d3ca7b4cd5146b99fcb,propagated,1533151610.447,4,r2_a_50iter|r2_a_zero|r2_b_50iter|r2_b_zero,True,True,True,True
264,compound,fcbccedd61424f1b85dcbf8f897f9754,f753d3f87e5b40af87ff2cbf7c8e7082,"bicycle:[612.6150512695312, 1647.0799560546875, 1.6107624769210815]",base,1533151610.447,2,r2_a_50iter|r2_b_50iter,False,False,True,True
265,compound,fcbccedd61424f1b85dcbf8f897f9754,f753d3f87e5b40af87ff2cbf7c8e7082,"bicycle:[613.0358276367188, 1647.515869140625, 1.6358133554458618]",base,1533151610.447,2,r2_a_zero|r2_b_zero,True,True,False,False
266,compound,fcbccedd61424f1b85dcbf8f897f9754,f753d3f87e5b40af87ff2cbf7c8e7082,dbed4cee903546d5b402f9ace1d3f399,base,1533151610.447,2,r2_a_50iter|r2_b_50iter,False,False,True,True
267,compound,fcbccedd61424f1b85dcbf8f897f9754,f753d3f87e5b40af87ff2cbf7c8e7082,"pedestrian:[603.5468139648438, 1633.9998779296875, 1.564245581626892]",base,1533151610.447,2,r2_a_zero|r2_b_zero,True,True,False,False
268,compound,fcbccedd61424f1b85dcbf8f897f9754,f753d3f87e5b40af87ff2cbf7c8e7082,"pedestrian:[607.4617919921875, 1636.4927978515625, 1.7425755262374878]",base,1533151610.447,2,r2_a_zero|r2_b_zero,True,True,False,False
269,compound,fcbccedd61424f1b85dcbf8f897f9754,f753d3f87e5b40af87ff2cbf7c8e7082,"pedestrian:[607.5807495117188, 1636.5089111328125, 1.7006789445877075]",base,1533151610.447,2,r2_a_50iter|r2_b_50iter,False,False,True,True
270,compound,fcbccedd61424f1b85dcbf8f897f9754,f753d3f87e5b40af87ff2cbf7c8e7082,"pedestrian:[609.5068359375, 1635.1905517578125, 1.639743685722351]",base,1533151610.447,2,r2_a_50iter|r2_b_50iter,False,False,True,True
271,compound,fcbccedd61424f1b85dcbf8f897f9754,f753d3f87e5b40af87ff2cbf7c8e7082,"pedestrian:[613.0662231445312, 1652.8631591796875, 1.784389853477478]",base,1533151610.447,2,r2_a_50iter|r2_b_50iter,False,False,True,True
272,compound,fcbccedd61424f1b85dcbf8f897f9754,f753d3f87e5b40af87ff2cbf7c8e7082,"pedestrian:[613.06884765625, 1652.8701171875, 1.7922548055648804]",base,1533151610.447,2,r2_a_zero|r2_b_zero,True,True,False,False
273,compound,fcbccedd61424f1b85dcbf8f897f9754,f753d3f87e5b40af87ff2cbf7c8e7082,"pedestrian:[613.480712890625, 1654.2034912109375, 1.6005812883377075]",base,1533151610.447,2,r2_a_zero|r2_b_zero,True,True,False,False
274,compound,fcbccedd61424f1b85dcbf8f897f9754,f753d3f87e5b40af87ff2cbf7c8e7082,"pedestrian:[613.5225219726562, 1654.266845703125, 1.5797659158706665]",base,1533151610.447,2,r2_a_50iter|r2_b_50iter,False,False,True,True
275,compound,fcbccedd61424f1b85dcbf8f897f9754,f753d3f87e5b40af87ff2cbf7c8e7082,"pedestrian:[619.5113525390625, 1651.2418212890625, 1.6214946508407593]",base,1533151610.447,2,r2_a_zero|r2_b_zero,True,True,False,False
276,compound,fcbccedd61424f1b85dcbf8f897f9754,f753d3f87e5b40af87ff2cbf7c8e7082,"pedestrian:[619.7252197265625, 1651.303466796875, 1.5968295335769653]",base,1533151610.447,2,r2_a_50iter|r2_b_50iter,False,False,True,True
277,compound,fcbccedd61424f1b85dcbf8f897f9754,f753d3f87e5b40af87ff2cbf7c8e7082,"pedestrian:[623.3784790039062, 1669.0738525390625, 1.12248957157135]",base,1533151610.447,2,r2_a_zero|r2_b_zero,True,True,False,False
278,compound,fcbccedd61424f1b85dcbf8f897f9754,f753d3f87e5b40af87ff2cbf7c8e7082,"pedestrian:[623.4027099609375, 1669.102783203125, 1.125019907951355]",base,1533151610.447,2,r2_a_50iter|r2_b_50iter,False,False,True,True
279,compound,fcbccedd61424f1b85dcbf8f897f9754,f753d3f87e5b40af87ff2cbf7c8e7082,"pedestrian:[625.8975830078125, 1617.5518798828125, 1.0717791318893433]",propagated,1533151610.447,2,r2_a_50iter|r2_b_50iter,False,False,True,True
280,compound,fcbccedd61424f1b85dcbf8f897f9754,f753d3f87e5b40af87ff2cbf7c8e7082,"pedestrian:[625.8995971679688, 1617.549072265625, 1.0729936361312866]",propagated,1533151610.447,2,r2_a_zero|r2_b_zero,True,True,False,False
281,compound,fcbccedd61424f1b85dcbf8f897f9754,f753d3f87e5b40af87ff2cbf7c8e7082,"pedestrian:[626.2135009765625, 1669.8182373046875, 0.8589178323745728]",propagated,1533151610.447,2,r2_a_zero|r2_b_zero,True,True,False,False
282,compound,fcbccedd61424f1b85dcbf8f897f9754,f753d3f87e5b40af87ff2cbf7c8e7082,"pedestrian:[626.2904052734375, 1669.848876953125, 0.862289547920227]",propagated,1533151610.447,2,r2_a_50iter|r2_b_50iter,False,False,True,True
283,compound,fcbccedd61424f1b85dcbf8f897f9754,f753d3f87e5b40af87ff2cbf7c8e7082,"pedestrian:[626.7916259765625, 1667.8856201171875, 0.9327014684677124]",base,1533151610.447,2,r2_a_zero|r2_b_zero,True,True,False,False
284,compound,fcbccedd61424f1b85dcbf8f897f9754,f753d3f87e5b40af87ff2cbf7c8e7082,"pedestrian:[626.8024291992188, 1667.8924560546875, 0.9421385526657104]",base,1533151610.447,2,r2_a_50iter|r2_b_50iter,False,False,True,True
285,compound,fcbccedd61424f1b85dcbf8f897f9754,f753d3f87e5b40af87ff2cbf7c8e7082,"pedestrian:[628.8309936523438, 1671.072998046875, 0.7519038915634155]",base,1533151610.447,2,r2_a_zero|r2_b_zero,True,True,False,False
286,compound,fcbccedd61424f1b85dcbf8f897f9754,f753d3f87e5b40af87ff2cbf7c8e7082,"pedestrian:[628.873779296875, 1671.1240234375, 0.7558532953262329]",base,1533151610.447,2,r2_a_50iter|r2_b_50iter,False,False,True,True
287,compound,fcbccedd61424f1b85dcbf8f897f9754,f753d3f87e5b40af87ff2cbf7c8e7082,"pedestrian:[629.5762939453125, 1649.32177734375, 1.2541497945785522]",base,1533151610.447,2,r2_a_zero|r2_b_zero,True,True,False,False
288,compound,fcbccedd61424f1b85dcbf8f897f9754,f753d3f87e5b40af87ff2cbf7c8e7082,"pedestrian:[630.900390625, 1649.6513671875, 1.081407904624939]",propagated,1533151610.447,2,r2_a_50iter|r2_b_50iter,False,False,True,True
289,compound,fcbccedd61424f1b85dcbf8f897f9754,f753d3f87e5b40af87ff2cbf7c8e7082,"pedestrian:[631.0382690429688, 1649.7655029296875, 1.063775658607483]",propagated,1533151610.447,2,r2_a_zero|r2_b_zero,True,True,False,False
290,compound,fcbccedd61424f1b85dcbf8f897f9754,f753d3f87e5b40af87ff2cbf7c8e7082,"pedestrian:[633.0648803710938, 1639.1126708984375, 1.359667181968689]",base,1533151610.447,2,r2_a_50iter|r2_b_50iter,False,False,True,True
291,compound,fcbccedd61424f1b85dcbf8f897f9754,f753d3f87e5b40af87ff2cbf7c8e7082,"pedestrian:[633.0833740234375, 1639.1131591796875, 1.3565797805786133]",base,1533151610.447,2,r2_a_zero|r2_b_zero,True,True,False,False
292,compound,fcbccedd61424f1b85dcbf8f897f9754,f753d3f87e5b40af87ff2cbf7c8e7082,"pedestrian:[633.4609375, 1650.1458740234375, 0.9940532445907593]",propagated,1533151610.447,2,r2_a_50iter|r2_b_50iter,False,False,True,True
293,compound,fcbccedd61424f1b85dcbf8f897f9754,f753d3f87e5b40af87ff2cbf7c8e7082,"pedestrian:[633.49169921875, 1648.79345703125, 0.9209953546524048]",base,1533151610.447,2,r2_a_zero|r2_b_zero,True,True,False,False
294,compound,fcbccedd61424f1b85dcbf8f897f9754,f753d3f87e5b40af87ff2cbf7c8e7082,"pedestrian:[633.4932250976562, 1648.8087158203125, 0.9236866235733032]",base,1533151610.447,2,r2_a_50iter|r2_b_50iter,False,False,True,True
295,compound,fcbccedd61424f1b85dcbf8f897f9754,f753d3f87e5b40af87ff2cbf7c8e7082,"pedestrian:[633.8101196289062, 1650.1907958984375, 0.9745227098464966]",propagated,1533151610.447,2,r2_a_zero|r2_b_zero,True,True,False,False
296,compound,fcbccedd61424f1b85dcbf8f897f9754,f753d3f87e5b40af87ff2cbf7c8e7082,"pedestrian:[634.4036865234375, 1644.9666748046875, 0.9659757614135742]",base,1533151610.447,2,r2_a_50iter|r2_b_50iter,False,False,True,True
297,compound,fcbccedd61424f1b85dcbf8f897f9754,f753d3f87e5b40af87ff2cbf7c8e7082,"pedestrian:[634.421875, 1644.982421875, 0.9622032642364502]",base,1533151610.447,2,r2_a_zero|r2_b_zero,True,True,False,False
298,compound,fcbccedd61424f1b85dcbf8f897f9754,f753d3f87e5b40af87ff2cbf7c8e7082,"pedestrian:[634.5518798828125, 1647.5960693359375, 0.9086753129959106]",base,1533151610.447,2,r2_a_zero|r2_b_zero,True,True,False,False
299,compound,fcbccedd61424f1b85dcbf8f897f9754,f753d3f87e5b40af87ff2cbf7c8e7082,"pedestrian:[634.5548095703125, 1647.608642578125, 0.9142690896987915]",base,1533151610.447,2,r2_a_50iter|r2_b_50iter,False,False,True,True
300,compound,fcbccedd61424f1b85dcbf8f897f9754,f753d3f87e5b40af87ff2cbf7c8e7082,"pedestrian:[634.632568359375, 1647.0042724609375, 0.9780715703964233]",propagated,1533151610.447,2,r2_a_zero|r2_b_zero,True,True,False,False
301,compound,fcbccedd61424f1b85dcbf8f897f9754,f753d3f87e5b40af87ff2cbf7c8e7082,"pedestrian:[634.6364135742188, 1647.002685546875, 0.9808082580566406]",propagated,1533151610.447,2,r2_a_50iter|r2_b_50iter,False,False,True,True
302,compound,fcbccedd61424f1b85dcbf8f897f9754,f753d3f87e5b40af87ff2cbf7c8e7082,"pedestrian:[635.7343139648438, 1641.60205078125, 0.9253532886505127]",base,1533151610.447,2,r2_a_zero|r2_b_zero,True,True,False,False
303,compound,fcbccedd61424f1b85dcbf8f897f9754,f753d3f87e5b40af87ff2cbf7c8e7082,"pedestrian:[636.0326538085938, 1643.5201416015625, 0.9871858358383179]",base,1533151610.447,2,r2_a_zero|r2_b_zero,True,True,False,False
304,compound,fcbccedd61424f1b85dcbf8f897f9754,f753d3f87e5b40af87ff2cbf7c8e7082,"pedestrian:[636.396240234375, 1642.4444580078125, 0.9889942407608032]",propagated,1533151610.447,2,r2_a_50iter|r2_b_50iter,False,False,True,True
305,compound,fcbccedd61424f1b85dcbf8f897f9754,f753d3f87e5b40af87ff2cbf7c8e7082,"pedestrian:[636.4002685546875, 1642.00830078125, 0.9757015705108643]",propagated,1533151610.447,2,r2_a_50iter|r2_b_50iter,False,False,True,True
306,compound,fcbccedd61424f1b85dcbf8f897f9754,f753d3f87e5b40af87ff2cbf7c8e7082,"pedestrian:[636.4307861328125, 1642.47021484375, 0.9876614809036255]",propagated,1533151610.447,2,r2_a_zero|r2_b_zero,True,True,False,False
307,compound,fcbccedd61424f1b85dcbf8f897f9754,f753d3f87e5b40af87ff2cbf7c8e7082,"traffic_cone:[605.3385620117188, 1633.8111572265625, 1.3566209077835083]",base,1533151610.447,2,r2_a_50iter|r2_b_50iter,False,False,True,True
