experiment,epoch,protocol,gt,predictions_at_score_0_1,tp_at_2m,false_positive_at_2m,false_negative_at_2m,gt_recall_at_2m,precision_at_2m,matched_center_error,matched_velocity_error,recover_candidates,recover_gt_matches,recover_gt_match_rate,recover_memory_writes,false_memory_writes,false_memory_write_rate,recover_match_center_error,conservation_residual_abs_max,conservation_violation_count,unsupported_growth_count,source_mass_violation_count,recovery_delay,recovered_scenes,unrecovered_scenes,per_class_ap_json,distance_ap_json
B0,1,clean_no_corruption,4441,7014,3356,3658,1085,0.7556856563836973,0.478471628172227,0.5177797548375682,0.17899074331539006,0,0,nan,0,0,nan,nan,0.0,0,0,0,nan,0,0,"{""barrier"": 0.0, ""bicycle"": 0.2324731069036616, ""bus"": 0.6011425782247526, ""car"": 0.7300138915174431, ""construction_vehicle"": 0.0, ""motorcycle"": 0.5936674332927454, ""pedestrian"": 0.578680028012111, ""traffic_cone"": 0.7302469742525769, ""trailer"": 0.0, ""truck"": 0.79719801484899}","{""barrier"": {""0.5"": 0.0, ""1.0"": 0.0, ""2.0"": 0.0, ""4.0"": 0.0}, ""bicycle"": {""0.5"": 0.05664686991750856, ""1.0"": 0.16506896361687676, ""2.0"": 0.3496180923401148, ""4.0"": 0.35855850174014625}, ""bus"": {""0.5"": 0.03335054402527742, ""1.0"": 0.6857914385399893, ""2.0"": 0.6857914385399893, ""4.0"": 0.9996368917937548}, ""car"": {""0.5"": 0.45099953776488544, ""1.0"": 0.7132838919460863, ""2.0"": 0.855984059786905, ""4.0"": 0.8997880765718955}, ""construction_vehicle"": {""0.5"": 0.0, ""1.0"": 0.0, ""2.0"": 0.0, ""4.0"": 0.0}, ""motorcycle"": {""0.5"": 0.25527746297069087, ""1.0"": 0.5799507373193221, ""2.0"": 0.7387796885466372, ""4.0"": 0.8006618443343316}, ""pedestrian"": {""0.5"": 0.18457912468588394, ""1.0"": 0.5011844150677356, ""2.0"": 0.7735778196876332, ""4.0"": 0.8553787526071917}, ""traffic_cone"": {""0.5"": 0.44887307903446, ""1.0"": 0.8163409035038544, ""2.0"": 0.8278869572359966, ""4.0"": 0.8278869572359966}, ""trailer"": {""0.5"": 0.0, ""1.0"": 0.0, ""2.0"": 0.0, ""4.0"": 0.0}, ""truck"": {""0.5"": 0.6384196108901095, ""1.0"": 0.8327005108841562, ""2.0"": 0.8525262687266741, ""4.0"": 0.86514566889502}}"
B0,1,camera_crash_back_5f,4441,7018,3349,3669,1092,0.7541094348119792,0.4772014819036763,0.5210138248648116,0.17942165412936548,0,0,nan,0,0,nan,nan,0.0,0,0,0,0.0,2,0,"{""barrier"": 0.0, ""bicycle"": 0.2549926269218509, ""bus"": 0.47330519511793834, ""car"": 0.7255691392362807, ""construction_vehicle"": 0.0, ""motorcycle"": 0.6234905689801834, ""pedestrian"": 0.5690067486388704, ""traffic_cone"": 0.7292031525398103, ""trailer"": 0.0, ""truck"": 0.7816915825163511}","{""barrier"": {""0.5"": 0.0, ""1.0"": 0.0, ""2.0"": 0.0, ""4.0"": 0.0}, ""bicycle"": {""0.5"": 0.06530463650150405, ""1.0"": 0.17678885636026834, ""2.0"": 0.38434887152384645, ""4.0"": 0.39352814330178476}, ""bus"": {""0.5"": 0.043612458972692884, ""1.0"": 0.30870778481342936, ""2.0"": 0.5416060040577648, ""4.0"": 0.9992945326278662}, ""car"": {""0.5"": 0.44399287088884254, ""1.0"": 0.7120620280637756, ""2.0"": 0.848202889587658, ""4.0"": 0.8980187684048467}, ""construction_vehicle"": {""0.5"": 0.0, ""1.0"": 0.0, ""2.0"": 0.0, ""4.0"": 0.0}, ""motorcycle"": {""0.5"": 0.27208596759054055, ""1.0"": 0.6455235292860397, ""2.0"": 0.7580531016423954, ""4.0"": 0.818299677401758}, ""pedestrian"": {""0.5"": 0.16300140468185512, ""1.0"": 0.49426509751227804, ""2.0"": 0.7733179468922937, ""4.0"": 0.8454425454690545}, ""traffic_cone"": {""0.5"": 0.4811930073470286, ""1.0"": 0.7950610405877943, ""2.0"": 0.8189827565524902, ""4.0"": 0.8215758056719281}, ""trailer"": {""0.5"": 0.0, ""1.0"": 0.0, ""2.0"": 0.0, ""4.0"": 0.0}, ""truck"": {""0.5"": 0.6126665182107687, ""1.0"": 0.800015994248469, ""2.0"": 0.852956446203711, ""4.0"": 0.8611273714024557}}"
B0,1,camera_crash_back_10f,4441,7054,3345,3709,1096,0.7532087367709975,0.4741990360079388,0.5223945677648958,0.18660966555850422,0,0,nan,0,0,nan,nan,0.0,0,0,0,0.0,2,0,"{""barrier"": 0.0, ""bicycle"": 0.26543237581506585, ""bus"": 0.40933351849504634, ""car"": 0.7278513541225127, ""construction_vehicle"": 0.0, ""motorcycle"": 0.6329632105280959, ""pedestrian"": 0.5604860553485795, ""traffic_cone"": 0.750275107317139, ""trailer"": 0.0, ""truck"": 0.7855202638071375}","{""barrier"": {""0.5"": 0.0, ""1.0"": 0.0, ""2.0"": 0.0, ""4.0"": 0.0}, ""bicycle"": {""0.5"": 0.06742084402196774, ""1.0"": 0.18271775701888898, ""2.0"": 0.400899362625396, ""4.0"": 0.4106915395940106}, ""bus"": {""0.5"": 0.036977891071458324, ""1.0"": 0.37218554054555236, ""2.0"": 0.42285020913413024, ""4.0"": 0.8053204332290445}, ""car"": {""0.5"": 0.4497374971566369, ""1.0"": 0.7121939018977542, ""2.0"": 0.8533897329879602, ""4.0"": 0.8960842844476994}, ""construction_vehicle"": {""0.5"": 0.0, ""1.0"": 0.0, ""2.0"": 0.0, ""4.0"": 0.0}, ""motorcycle"": {""0.5"": 0.2764672406841185, ""1.0"": 0.6367328640269775, ""2.0"": 0.7797742902307508, ""4.0"": 0.8388784471705368}, ""pedestrian"": {""0.5"": 0.16665442497641522, ""1.0"": 0.47087312968427886, ""2.0"": 0.7646641907448521, ""4.0"": 0.8397524759887716}, ""traffic_cone"": {""0.5"": 0.5666781407297685, ""1.0"": 0.7946928091899313, ""2.0"": 0.8190340337243561, ""4.0"": 0.8206954456244999}, ""trailer"": {""0.5"": 0.0, ""1.0"": 0.0, ""2.0"": 0.0, ""4.0"": 0.0}, ""truck"": {""0.5"": 0.6222681528451793, ""1.0"": 0.7941367321141083, ""2.0"": 0.8584490977422348, ""4.0"": 0.8672270725270277}}"
B0,1,compound_fog_crash_10f,4441,7078,3282,3796,1159,0.7390227426255348,0.4636903079966092,0.536013909417223,0.18920847516613562,0,0,nan,0,0,nan,nan,0.0,0,0,0,0.0,2,0,"{""barrier"": 0.0, ""bicycle"": 0.25531058434143533, ""bus"": 0.40697270040129424, ""car"": 0.7041674815296836, ""construction_vehicle"": 0.0, ""motorcycle"": 0.48578338724794784, ""pedestrian"": 0.5511341939952319, ""traffic_cone"": 0.6701194418931993, ""trailer"": 0.0, ""truck"": 0.7808686905946175}","{""barrier"": {""0.5"": 0.0, ""1.0"": 0.0, ""2.0"": 0.0, ""4.0"": 0.0}, ""bicycle"": {""0.5"": 0.06780110471191159, ""1.0"": 0.17358626335531124, ""2.0"": 0.3838101559021895, ""4.0"": 0.39604481339632897}, ""bus"": {""0.5"": 0.038140370567271153, ""1.0"": 0.3682983391800902, ""2.0"": 0.4185424138698132, ""4.0"": 0.8029096779880024}, ""car"": {""0.5"": 0.40636973546007815, ""1.0"": 0.6828344417251636, ""2.0"": 0.8356321685591726, ""4.0"": 0.8918335803743199}, ""construction_vehicle"": {""0.5"": 0.0, ""1.0"": 0.0, ""2.0"": 0.0, ""4.0"": 0.0}, ""motorcycle"": {""0.5"": 0.19696519633702958, ""1.0"": 0.41084987968583997, ""2.0"": 0.603102664435628, ""4.0"": 0.7322158085332939}, ""pedestrian"": {""0.5"": 0.14529693098459875, ""1.0"": 0.48586716494600257, ""2.0"": 0.7481914157214838, ""4.0"": 0.8251812643288425}, ""traffic_cone"": {""0.5"": 0.4474265388387055, ""1.0"": 0.6694262256503126, ""2.0"": 0.7736096686684092, ""4.0"": 0.7900153344153698}, ""trailer"": {""0.5"": 0.0, ""1.0"": 0.0, ""2.0"": 0.0, ""4.0"": 0.0}, ""truck"": {""0.5"": 0.6064405684640797, ""1.0"": 0.7782010818849717, ""2.0"": 0.8668154721466477, ""4.0"": 0.8720176398827708}}"
B0,3,clean_no_corruption,4441,7038,3349,3689,1092,0.7541094348119792,0.4758454106280193,0.5275635250071493,0.18005202215894134,0,0,nan,0,0,nan,nan,0.0,0,0,0,nan,0,0,"{""barrier"": 0.0, ""bicycle"": 0.24938910440249576, ""bus"": 0.596216229309618, ""car"": 0.7146190306332516, ""construction_vehicle"": 0.0, ""motorcycle"": 0.5973323557563488, ""pedestrian"": 0.576614021578352, ""traffic_cone"": 0.7082094175447509, ""trailer"": 0.0, ""truck"": 0.8046662135110243}","{""barrier"": {""0.5"": 0.0, ""1.0"": 0.0, ""2.0"": 0.0, ""4.0"": 0.0}, ""bicycle"": {""0.5"": 0.0610328442429468, ""1.0"": 0.23581444789912825, ""2.0"": 0.34465015579536984, ""4.0"": 0.35605896967253814}, ""bus"": {""0.5"": 0.01364514836473901, ""1.0"": 0.6857914385399893, ""2.0"": 0.6857914385399893, ""4.0"": 0.9996368917937548}, ""car"": {""0.5"": 0.41224217660009865, ""1.0"": 0.7026513138404098, ""2.0"": 0.8461356560038076, ""4.0"": 0.8974469760886901}, ""construction_vehicle"": {""0.5"": 0.0, ""1.0"": 0.0, ""2.0"": 0.0, ""4.0"": 0.0}, ""motorcycle"": {""0.5"": 0.23477373233025714, ""1.0"": 0.5514791092365978, ""2.0"": 0.767923104114623, ""4.0"": 0.8351534773439172}, ""pedestrian"": {""0.5"": 0.17655947182931492, ""1.0"": 0.4951411338666726, ""2.0"": 0.7798091107001872, ""4.0"": 0.8549463699172328}, ""traffic_cone"": {""0.5"": 0.416070915019982, ""1.0"": 0.7599986454367601, ""2.0"": 0.8274954749075102, ""4.0"": 0.8292726348147512}, ""trailer"": {""0.5"": 0.0, ""1.0"": 0.0, ""2.0"": 0.0, ""4.0"": 0.0}, ""truck"": {""0.5"": 0.6846890314610612, ""1.0"": 0.7880854945776656, ""2.0"": 0.8729451640026852, ""4.0"": 0.8729451640026852}}"
B0,3,camera_crash_back_5f,4441,7046,3353,3693,1088,0.755010132852961,0.47587283565143346,0.5290711348727689,0.17980755597584377,0,0,nan,0,0,nan,nan,0.0,0,0,0,0.0,2,0,"{""barrier"": 0.0, ""bicycle"": 0.2675747207333463, ""bus"": 0.4605380242089889, ""car"": 0.7143431509940356, ""construction_vehicle"": 0.0, ""motorcycle"": 0.6152394146047541, ""pedestrian"": 0.5765711794083133, ""traffic_cone"": 0.7126024296193253, ""trailer"": 0.0, ""truck"": 0.7983779950254277}","{""barrier"": {""0.5"": 0.0, ""1.0"": 0.0, ""2.0"": 0.0, ""4.0"": 0.0}, ""bicycle"": {""0.5"": 0.06431947339354746, ""1.0"": 0.24317346006808013, ""2.0"": 0.37600452370285703, ""4.0"": 0.38680142576890064}, ""bus"": {""0.5"": 0.0158031746031746, ""1.0"": 0.2987381572713044, ""2.0"": 0.5286395715458386, ""4.0"": 0.998971193415638}, ""car"": {""0.5"": 0.40872390234292044, ""1.0"": 0.7054197357460701, ""2.0"": 0.8454023635749534, ""4.0"": 0.8978266023121985}, ""construction_vehicle"": {""0.5"": 0.0, ""1.0"": 0.0, ""2.0"": 0.0, ""4.0"": 0.0}, ""motorcycle"": {""0.5"": 0.2560702871311963, ""1.0"": 0.6097631281743692, ""2.0"": 0.7648767991222355, ""4.0"": 0.8302474439912154}, ""pedestrian"": {""0.5"": 0.17833169718106404, ""1.0"": 0.5013967682984698, ""2.0"": 0.7762035154374252, ""4.0"": 0.8503527367162943}, ""traffic_cone"": {""0.5"": 0.4537249273976987, ""1.0"": 0.7448906978523607, ""2.0"": 0.8247842064430124, ""4.0"": 0.8270098867842289}, ""trailer"": {""0.5"": 0.0, ""1.0"": 0.0, ""2.0"": 0.0, ""4.0"": 0.0}, ""truck"": {""0.5"": 0.6665104981112093, ""1.0"": 0.7959595044281488, ""2.0"": 0.8649022501759228, ""4.0"": 0.8661397273864296}}"
B0,3,camera_crash_back_10f,4441,7076,3350,3726,1091,0.7543346093222247,0.4734313171283211,0.5337775061715324,0.18495577243333347,0,0,nan,0,0,nan,nan,0.0,0,0,0,0.0,2,0,"{""barrier"": 0.0, ""bicycle"": 0.2915161638067939, ""bus"": 0.4023877778615591, ""car"": 0.7128355124552209, ""construction_vehicle"": 0.0, ""motorcycle"": 0.601736107232616, ""pedestrian"": 0.5661364910674754, ""traffic_cone"": 0.7285170124631433, ""trailer"": 0.0, ""truck"": 0.7819983398252581}","{""barrier"": {""0.5"": 0.0, ""1.0"": 0.0, ""2.0"": 0.0, ""4.0"": 0.0}, ""bicycle"": {""0.5"": 0.07122046563053343, ""1.0"": 0.2722383992730902, ""2.0"": 0.40519763200388126, ""4.0"": 0.41740815831967065}, ""bus"": {""0.5"": 0.02172552918166953, ""1.0"": 0.36637802613296544, ""2.0"": 0.420707113233788, ""4.0"": 0.8007404428978135}, ""car"": {""0.5"": 0.4098464044974282, ""1.0"": 0.7046715976954648, ""2.0"": 0.8430904123063175, ""4.0"": 0.8937336353216732}, ""construction_vehicle"": {""0.5"": 0.0, ""1.0"": 0.0, ""2.0"": 0.0, ""4.0"": 0.0}, ""motorcycle"": {""0.5"": 0.24368871309433357, ""1.0"": 0.5761702346001213, ""2.0"": 0.7610915444786175, ""4.0"": 0.8259939367573913}, ""pedestrian"": {""0.5"": 0.16524291862095006, ""1.0"": 0.48281982703495796, ""2.0"": 0.7710820287472969, ""4.0"": 0.8454011898666969}, ""traffic_cone"": {""0.5"": 0.5131901369971157, ""1.0"": 0.7826258772374559, ""2.0"": 0.8087991558593317, ""4.0"": 0.8094528797586698}, ""trailer"": {""0.5"": 0.0, ""1.0"": 0.0, ""2.0"": 0.0, ""4.0"": 0.0}, ""truck"": {""0.5"": 0.6702618418859894, ""1.0"": 0.7373515955452823, ""2.0"": 0.8556585673975664, ""4.0"": 0.8647213544721944}}"
B0,3,compound_fog_crash_10f,4441,7050,3269,3781,1172,0.7360954739923441,0.46368794326241136,0.5541948180386356,0.18778029676093475,0,0,nan,0,0,nan,nan,0.0,0,0,0,1.0,2,0,"{""barrier"": 0.0, ""bicycle"": 0.2664787953791929, ""bus"": 0.4015469679046413, ""car"": 0.6939604712342045, ""construction_vehicle"": 0.0, ""motorcycle"": 0.4841768617840567, ""pedestrian"": 0.5466563428102591, ""traffic_cone"": 0.6621357735080123, ""trailer"": 0.0, ""truck"": 0.7907892746907009}","{""barrier"": {""0.5"": 0.0, ""1.0"": 0.0, ""2.0"": 0.0, ""4.0"": 0.0}, ""bicycle"": {""0.5"": 0.06824954195324565, ""1.0"": 0.232405169045982, ""2.0"": 0.3786343182341193, ""4.0"": 0.3866261522834247}, ""bus"": {""0.5"": 0.02160235605849641, ""1.0"": 0.3689287007669734, ""2.0"": 0.4193329102762517, ""4.0"": 0.7963239045168435}, ""car"": {""0.5"": 0.38389526814283415, ""1.0"": 0.6676480114569463, ""2.0"": 0.831784416818741, ""4.0"": 0.8925141885182962}, ""construction_vehicle"": {""0.5"": 0.0, ""1.0"": 0.0, ""2.0"": 0.0, ""4.0"": 0.0}, ""motorcycle"": {""0.5"": 0.18129129143789902, ""1.0"": 0.4119445392434128, ""2.0"": 0.5923499391641681, ""4.0"": 0.751121677290747}, ""pedestrian"": {""0.5"": 0.14076277522556233, ""1.0"": 0.4568569381097156, ""2.0"": 0.7503668385988463, ""4.0"": 0.8386388193069119}, ""traffic_cone"": {""0.5"": 0.42463694976694355, ""1.0"": 0.6672956597679315, ""2.0"": 0.7698952869068226, ""4.0"": 0.7867151975903517}, ""trailer"": {""0.5"": 0.0, ""1.0"": 0.0, ""2.0"": 0.0, ""4.0"": 0.0}, ""truck"": {""0.5"": 0.6613503489415714, ""1.0"": 0.756800459148763, ""2.0"": 0.8688821816019627, ""4.0"": 0.8761241090705069}}"
B0,6,clean_no_corruption,4441,6958,3333,3625,1108,0.7505066426480522,0.4790169588962345,0.5375156221286452,0.1770153822640753,0,0,nan,0,0,nan,nan,0.0,0,0,0,nan,0,0,"{""barrier"": 0.0, ""bicycle"": 0.17946534256465121, ""bus"": 0.6013879918222904, ""car"": 0.7047225562979968, ""construction_vehicle"": 0.0, ""motorcycle"": 0.570517129199899, ""pedestrian"": 0.5807781032233105, ""traffic_cone"": 0.7088033353883103, ""trailer"": 0.0, ""truck"": 0.7894062468616229}","{""barrier"": {""0.5"": 0.0, ""1.0"": 0.0, ""2.0"": 0.0, ""4.0"": 0.0}, ""bicycle"": {""0.5"": 0.035698998108535274, ""1.0"": 0.11385043291426551, ""2.0"": 0.27924867606774095, ""4.0"": 0.28906326316806313}, ""bus"": {""0.5"": 0.03433219841542854, ""1.0"": 0.6857914385399893, ""2.0"": 0.6857914385399893, ""4.0"": 0.9996368917937548}, ""car"": {""0.5"": 0.3976106597363377, ""1.0"": 0.684553618506617, ""2.0"": 0.8408614269640533, ""4.0"": 0.8958645199849793}, ""construction_vehicle"": {""0.5"": 0.0, ""1.0"": 0.0, ""2.0"": 0.0, ""4.0"": 0.0}, ""motorcycle"": {""0.5"": 0.2057975448290109, ""1.0"": 0.5160177546570373, ""2.0"": 0.745540401251649, ""4.0"": 0.8147128160618992}, ""pedestrian"": {""0.5"": 0.1889865674592338, ""1.0"": 0.5011103432359489, ""2.0"": 0.7832374759854942, ""4.0"": 0.8497780262125648}, ""traffic_cone"": {""0.5"": 0.4288710662551083, ""1.0"": 0.7593931425867004, ""2.0"": 0.8234745663557163, ""4.0"": 0.8234745663557163}, ""trailer"": {""0.5"": 0.0, ""1.0"": 0.0, ""2.0"": 0.0, ""4.0"": 0.0}, ""truck"": {""0.5"": 0.6316365668215392, ""1.0"": 0.782284801112165, ""2.0"": 0.8718237676133129, ""4.0"": 0.8718798518994743}}"
B0,6,camera_crash_back_5f,4441,7004,3324,3680,1117,0.7484800720558433,0.47458595088520844,0.5388223085247459,0.1782700628310761,0,0,nan,0,0,nan,nan,0.0,0,0,0,0.0,2,0,"{""barrier"": 0.0, ""bicycle"": 0.20507209912599528, ""bus"": 0.4573543354349815, ""car"": 0.7020131155018194, ""construction_vehicle"": 0.0, ""motorcycle"": 0.5868054471208273, ""pedestrian"": 0.5720051240192152, ""traffic_cone"": 0.6977545162220323, ""trailer"": 0.0, ""truck"": 0.7984118647510756}","{""barrier"": {""0.5"": 0.0, ""1.0"": 0.0, ""2.0"": 0.0, ""4.0"": 0.0}, ""bicycle"": {""0.5"": 0.03923075472542661, ""1.0"": 0.14651521537057258, ""2.0"": 0.3124546550252865, ""4.0"": 0.3220877713826954}, ""bus"": {""0.5"": 0.02517379715418931, ""1.0"": 0.2884661129575934, ""2.0"": 0.5168062382125054, ""4.0"": 0.998971193415638}, ""car"": {""0.5"": 0.3897417120228725, ""1.0"": 0.6819293469766486, ""2.0"": 0.8407815275698551, ""4.0"": 0.8955998754379018}, ""construction_vehicle"": {""0.5"": 0.0, ""1.0"": 0.0, ""2.0"": 0.0, ""4.0"": 0.0}, ""motorcycle"": {""0.5"": 0.23799961896396687, ""1.0"": 0.5598249496513669, ""2.0"": 0.7318395447228424, ""4.0"": 0.8175576751451328}, ""pedestrian"": {""0.5"": 0.17327711066889975, ""1.0"": 0.4919310927917963, ""2.0"": 0.7748370684015998, ""4.0"": 0.847975224214565}, ""traffic_cone"": {""0.5"": 0.42439642019545937, ""1.0"": 0.745595045190085, ""2.0"": 0.8105132997512926, ""4.0"": 0.8105132997512926}, ""trailer"": {""0.5"": 0.0, ""1.0"": 0.0, ""2.0"": 0.0, ""4.0"": 0.0}, ""truck"": {""0.5"": 0.6497213644521898, ""1.0"": 0.7992429242811527, ""2.0"": 0.8719827758942967, ""4.0"": 0.8727003943766632}}"
B0,6,camera_crash_back_10f,4441,7009,3326,3683,1115,0.7489304210763341,0.4745327436153517,0.5457812211468486,0.18376503415434972,0,0,nan,0,0,nan,nan,0.0,0,0,0,0.0,2,0,"{""barrier"": 0.0, ""bicycle"": 0.2106735840756725, ""bus"": 0.40330400921987625, ""car"": 0.7001881769033889, ""construction_vehicle"": 0.0, ""motorcycle"": 0.5931034653702101, ""pedestrian"": 0.5673173141616376, ""traffic_cone"": 0.724447868031848, ""trailer"": 0.0, ""truck"": 0.775621864136631}","{""barrier"": {""0.5"": 0.0, ""1.0"": 0.0, ""2.0"": 0.0, ""4.0"": 0.0}, ""bicycle"": {""0.5"": 0.03775567800342098, ""1.0"": 0.14748940245156653, ""2.0"": 0.32350330357334434, ""4.0"": 0.33394595227435825}, ""bus"": {""0.5"": 0.019504635877442895, ""1.0"": 0.3453265694526015, ""2.0"": 0.45085208774267943, ""4.0"": 0.7975327438067812}, ""car"": {""0.5"": 0.3859407242034986, ""1.0"": 0.6854209821114119, ""2.0"": 0.8380132226914729, ""4.0"": 0.8913777786071718}, ""construction_vehicle"": {""0.5"": 0.0, ""1.0"": 0.0, ""2.0"": 0.0, ""4.0"": 0.0}, ""motorcycle"": {""0.5"": 0.23766270942168274, ""1.0"": 0.5518198567893435, ""2.0"": 0.7529017497711245, ""4.0"": 0.8300295454986895}, ""pedestrian"": {""0.5"": 0.16856513770530498, ""1.0"": 0.48567015434260163, ""2.0"": 0.7690081445353132, ""4.0"": 0.8460258200633303}, ""traffic_cone"": {""0.5"": 0.5157547736487292, ""1.0"": 0.7852098231105691, ""2.0"": 0.7984134376840469, ""4.0"": 0.7984134376840469}, ""trailer"": {""0.5"": 0.0, ""1.0"": 0.0, ""2.0"": 0.0, ""4.0"": 0.0}, ""truck"": {""0.5"": 0.6626836080693954, ""1.0"": 0.7203452677596861, ""2.0"": 0.8566776831435657, ""4.0"": 0.8627808975738767}}"
B0,6,compound_fog_crash_10f,4441,6995,3229,3766,1212,0.7270884935825265,0.4616154395997141,0.5657082752189897,0.17651240510333727,0,0,nan,0,0,nan,nan,0.0,0,0,0,0.0,2,0,"{""barrier"": 0.0, ""bicycle"": 0.19818016477750455, ""bus"": 0.394353226716281, ""car"": 0.6811332238421892, ""construction_vehicle"": 0.0, ""motorcycle"": 0.45891655596776537, ""pedestrian"": 0.5331194827343937, ""traffic_cone"": 0.648206910739858, ""trailer"": 0.0, ""truck"": 0.7709287415545079}","{""barrier"": {""0.5"": 0.0, ""1.0"": 0.0, ""2.0"": 0.0, ""4.0"": 0.0}, ""bicycle"": {""0.5"": 0.03481109643201147, ""1.0"": 0.13516389791629105, ""2.0"": 0.30637722152538266, ""4.0"": 0.31636844323633306}, ""bus"": {""0.5"": 0.009316841486432128, ""1.0"": 0.3602342797826974, ""2.0"": 0.41408341607748217, ""4.0"": 0.7937783695185122}, ""car"": {""0.5"": 0.37667813546008394, ""1.0"": 0.6453139627470086, ""2.0"": 0.8170451537122337, ""4.0"": 0.8854956434494309}, ""construction_vehicle"": {""0.5"": 0.0, ""1.0"": 0.0, ""2.0"": 0.0, ""4.0"": 0.0}, ""motorcycle"": {""0.5"": 0.1992493609787311, ""1.0"": 0.35234968054018545, ""2.0"": 0.5671737935368604, ""4.0"": 0.7168933888152845}, ""pedestrian"": {""0.5"": 0.12240593810342891, ""1.0"": 0.42860733020382596, ""2.0"": 0.7447993266411025, ""4.0"": 0.8366653359892172}, ""traffic_cone"": {""0.5"": 0.4271181713398736, ""1.0"": 0.6266573130209633, ""2.0"": 0.7492903322529192, ""4.0"": 0.789761826345676}, ""trailer"": {""0.5"": 0.0, ""1.0"": 0.0, ""2.0"": 0.0, ""4.0"": 0.0}, ""truck"": {""0.5"": 0.6268392808491615, ""1.0"": 0.7197781210888258, ""2.0"": 0.8683512759531223, ""4.0"": 0.8687462883269219}}"
B0,12,clean_no_corruption,4441,6962,3353,3609,1088,0.755010132852961,0.48161447859810397,0.5528903152398903,0.1793120554208283,0,0,nan,0,0,nan,nan,0.0,0,0,0,nan,0,0,"{""barrier"": 0.0, ""bicycle"": 0.1828641698399288, ""bus"": 0.6116157008556946, ""car"": 0.7186069853237808, ""construction_vehicle"": 0.0, ""motorcycle"": 0.5756269703972677, ""pedestrian"": 0.5676982234269622, ""traffic_cone"": 0.7277558615491613, ""trailer"": 0.0, ""truck"": 0.8060263332053054}","{""barrier"": {""0.5"": 0.0, ""1.0"": 0.0, ""2.0"": 0.0, ""4.0"": 0.0}, ""bicycle"": {""0.5"": 0.025268226770723243, ""1.0"": 0.09144392198547349, ""2.0"": 0.3029808817502879, ""4.0"": 0.3117636488532305}, ""bus"": {""0.5"": 0.03723146718457886, ""1.0"": 0.6873722222222224, ""2.0"": 0.7222222222222223, ""4.0"": 0.9996368917937548}, ""car"": {""0.5"": 0.4282123210930207, ""1.0"": 0.6984603424079873, ""2.0"": 0.8441670112118931, ""4.0"": 0.9035882665822219}, ""construction_vehicle"": {""0.5"": 0.0, ""1.0"": 0.0, ""2.0"": 0.0, ""4.0"": 0.0}, ""motorcycle"": {""0.5"": 0.21945229439172903, ""1.0"": 0.5093944856759677, ""2.0"": 0.7463589044418196, ""4.0"": 0.8273021970795544}, ""pedestrian"": {""0.5"": 0.15497043801311425, ""1.0"": 0.473203723854079, ""2.0"": 0.782590969431373, ""4.0"": 0.8600277624092826}, ""traffic_cone"": {""0.5"": 0.44841523510973746, ""1.0"": 0.8109813810615742, ""2.0"": 0.8258134150126667, ""4.0"": 0.8258134150126667}, ""trailer"": {""0.5"": 0.0, ""1.0"": 0.0, ""2.0"": 0.0, ""4.0"": 0.0}, ""truck"": {""0.5"": 0.68666540928813, ""1.0"": 0.8303364756665699, ""2.0"": 0.8473953448992492, ""4.0"": 0.8597081029672724}}"
B0,12,camera_crash_back_5f,4441,6948,3352,3596,1089,0.7547849583427156,0.48244099021301096,0.5605133069366975,0.18092036441236392,0,0,nan,0,0,nan,nan,0.0,0,0,0,0.0,2,0,"{""barrier"": 0.0, ""bicycle"": 0.19293350983070479, ""bus"": 0.46971044475821605, ""car"": 0.7131324361239572, ""construction_vehicle"": 0.0, ""motorcycle"": 0.5958742047131297, ""pedestrian"": 0.5654814752018353, ""traffic_cone"": 0.7071094564140912, ""trailer"": 0.0, ""truck"": 0.8058319285789421}","{""barrier"": {""0.5"": 0.0, ""1.0"": 0.0, ""2.0"": 0.0, ""4.0"": 0.0}, ""bicycle"": {""0.5"": 0.024995999636034757, ""1.0"": 0.08890459184165003, ""2.0"": 0.3245274077531823, ""4.0"": 0.333306040091952}, ""bus"": {""0.5"": 0.017301875684228626, ""1.0"": 0.2994653552088193, ""2.0"": 0.5634092161411507, ""4.0"": 0.9986653319986656}, ""car"": {""0.5"": 0.4128196003715823, ""1.0"": 0.6970075429856912, ""2.0"": 0.845811076501366, ""4.0"": 0.896891524637189}, ""construction_vehicle"": {""0.5"": 0.0, ""1.0"": 0.0, ""2.0"": 0.0, ""4.0"": 0.0}, ""motorcycle"": {""0.5"": 0.22897364886907187, ""1.0"": 0.5813954248445965, ""2.0"": 0.7454466234919435, ""4.0"": 0.8276811216469069}, ""pedestrian"": {""0.5"": 0.13807381500457544, ""1.0"": 0.4811351001536523, ""2.0"": 0.7881380935017516, ""4.0"": 0.854578892147362}, ""traffic_cone"": {""0.5"": 0.43251730950430745, ""1.0"": 0.7897535763609819, ""2.0"": 0.8030834698955378, ""4.0"": 0.8030834698955378}, ""trailer"": {""0.5"": 0.0, ""1.0"": 0.0, ""2.0"": 0.0, ""4.0"": 0.0}, ""truck"": {""0.5"": 0.6767915439203295, ""1.0"": 0.8216776004007729, ""2.0"": 0.8584239467203764, ""4.0"": 0.8664346232742897}}"
B0,12,camera_crash_back_10f,4441,6951,3348,3603,1093,0.7538842603017338,0.4816573154941735,0.5599729704311072,0.18214835447452932,0,0,nan,0,0,nan,nan,0.0,0,0,0,0.0,2,0,"{""barrier"": 0.0, ""bicycle"": 0.2048299001327017, ""bus"": 0.4088944717348942, ""car"": 0.7122616439400173, ""construction_vehicle"": 0.0, ""motorcycle"": 0.6138115401877438, ""pedestrian"": 0.5592500469759887, ""traffic_cone"": 0.7461280154299537, ""trailer"": 0.0, ""truck"": 0.784765800113394}","{""barrier"": {""0.5"": 0.0, ""1.0"": 0.0, ""2.0"": 0.0, ""4.0"": 0.0}, ""bicycle"": {""0.5"": 0.027719845906200125, ""1.0"": 0.10470744551987721, ""2.0"": 0.3393313862160206, ""4.0"": 0.34756092288870877}, ""bus"": {""0.5"": 0.003450617283950617, ""1.0"": 0.37100847024969835, ""2.0"": 0.4640787091604773, ""4.0"": 0.7970400902454504}, ""car"": {""0.5"": 0.40991919504744007, ""1.0"": 0.700838055460427, ""2.0"": 0.8454996737475821, ""4.0"": 0.8927896515046202}, ""construction_vehicle"": {""0.5"": 0.0, ""1.0"": 0.0, ""2.0"": 0.0, ""4.0"": 0.0}, ""motorcycle"": {""0.5"": 0.2660623214856976, ""1.0"": 0.5708056489201027, ""2.0"": 0.7603762537056682, ""4.0"": 0.8580019366395069}, ""pedestrian"": {""0.5"": 0.1316702906917823, ""1.0"": 0.4752176853357143, ""2.0"": 0.7755370673753031, ""4.0"": 0.8545751445011552}, ""traffic_cone"": {""0.5"": 0.5425813274099955, ""1.0"": 0.8139769114366064, ""2.0"": 0.8139769114366064, ""4.0"": 0.8139769114366064}, ""trailer"": {""0.5"": 0.0, ""1.0"": 0.0, ""2.0"": 0.0, ""4.0"": 0.0}, ""truck"": {""0.5"": 0.6318101437580346, ""1.0"": 0.8025069813238797, ""2.0"": 0.8453835930396513, ""4.0"": 0.8593624823320107}}"
B0,12,compound_fog_crash_10f,4441,6921,3271,3650,1170,0.736545823012835,0.47261956364687185,0.5717195013292582,0.1774871057644598,0,0,nan,0,0,nan,nan,0.0,0,0,0,1.5,2,0,"{""barrier"": 0.0, ""bicycle"": 0.1900985611557781, ""bus"": 0.41464157357378556, ""car"": 0.6976905121572017, ""construction_vehicle"": 0.0, ""motorcycle"": 0.49173552679543875, ""pedestrian"": 0.5295468074377824, ""traffic_cone"": 0.6511407584153688, ""trailer"": 0.0, ""truck"": 0.7775126352233717}","{""barrier"": {""0.5"": 0.0, ""1.0"": 0.0, ""2.0"": 0.0, ""4.0"": 0.0}, ""bicycle"": {""0.5"": 0.023890260631001373, ""1.0"": 0.08345995215616309, ""2.0"": 0.32265526480342877, ""4.0"": 0.3303887670325192}, ""bus"": {""0.5"": 0.029016928544706323, ""1.0"": 0.37100847024969835, ""2.0"": 0.4640787091604773, ""4.0"": 0.7944621863402603}, ""car"": {""0.5"": 0.3894547323905513, ""1.0"": 0.677933923158192, ""2.0"": 0.8319634077622724, ""4.0"": 0.891409985317791}, ""construction_vehicle"": {""0.5"": 0.0, ""1.0"": 0.0, ""2.0"": 0.0, ""4.0"": 0.0}, ""motorcycle"": {""0.5"": 0.1212324332724845, ""1.0"": 0.4017568375916702, ""2.0"": 0.6335287292758883, ""4.0"": 0.8104241070417119}, ""pedestrian"": {""0.5"": 0.11244248807917584, ""1.0"": 0.43007930907602676, ""2.0"": 0.7417328974880779, ""4.0"": 0.833932535107849}, ""traffic_cone"": {""0.5"": 0.40134132660104505, ""1.0"": 0.67570626234025, ""2.0"": 0.7637577223600899, ""4.0"": 0.7637577223600899}, ""trailer"": {""0.5"": 0.0, ""1.0"": 0.0, ""2.0"": 0.0, ""4.0"": 0.0}, ""truck"": {""0.5"": 0.6196243174423609, ""1.0"": 0.7591827641634037, ""2.0"": 0.8587928847652204, ""4.0"": 0.872450574522502}}"
M1,1,clean_no_corruption,4441,7197,3320,3877,1121,0.7475793740148615,0.4613033208281228,0.5674306101155963,0.19630966862724666,3,0,0.0,0,0,nan,nan,1.9073486328125e-06,0,0,0,nan,0,0,"{""barrier"": 0.0, ""bicycle"": 0.278665046275002, ""bus"": 0.5875529955863632, ""car"": 0.704209202284392, ""construction_vehicle"": 0.0, ""motorcycle"": 0.5446294772517083, ""pedestrian"": 0.5599031943961614, ""traffic_cone"": 0.6837223853134631, ""trailer"": 0.0, ""truck"": 0.6441543019716313}","{""barrier"": {""0.5"": 0.0, ""1.0"": 0.0, ""2.0"": 0.0, ""4.0"": 0.0}, ""bicycle"": {""0.5"": 0.09428515062830713, ""1.0"": 0.23398777384272576, ""2.0"": 0.39131683120323885, ""4.0"": 0.3950704294257361}, ""bus"": {""0.5"": 0.19988148810736903, ""1.0"": 0.577300730416291, ""2.0"": 0.684140874932904, ""4.0"": 0.8888888888888891}, ""car"": {""0.5"": 0.40965494318839274, ""1.0"": 0.6702348986437673, ""2.0"": 0.841642309399591, ""4.0"": 0.8953046579058168}, ""construction_vehicle"": {""0.5"": 0.0, ""1.0"": 0.0, ""2.0"": 0.0, ""4.0"": 0.0}, ""motorcycle"": {""0.5"": 0.2100431867882111, ""1.0"": 0.517169063662534, ""2.0"": 0.6866293511368845, ""4.0"": 0.7646763074192037}, ""pedestrian"": {""0.5"": 0.14822441213672244, ""1.0"": 0.4893817441502967, ""2.0"": 0.7664302647923508, ""4.0"": 0.8355763565052754}, ""traffic_cone"": {""0.5"": 0.4346947098241478, ""1.0"": 0.7210075567396224, ""2.0"": 0.7829639417284823, ""4.0"": 0.7962233329615999}, ""trailer"": {""0.5"": 0.0, ""1.0"": 0.0, ""2.0"": 0.0, ""4.0"": 0.0}, ""truck"": {""0.5"": 0.3698617783636029, ""1.0"": 0.630937416783853, ""2.0"": 0.7749517975296545, ""4.0"": 0.8008662152094148}}"
M1,1,camera_crash_back_5f,4441,7235,3299,3936,1142,0.7428507092997073,0.4559778852798894,0.5530031879922133,0.19526670008001998,140,17,0.12142857142857143,56,44,0.7857142857142857,0.9430001671550157,1.9073486328125e-06,0,0,0,0.0,2,0,"{""barrier"": 0.0, ""bicycle"": 0.3050546050501233, ""bus"": 0.5057897317648267, ""car"": 0.7002727215698469, ""construction_vehicle"": 0.0, ""motorcycle"": 0.5618366642529509, ""pedestrian"": 0.5645581747070222, ""traffic_cone"": 0.7079720972085575, ""trailer"": 0.0, ""truck"": 0.6423769572411571}","{""barrier"": {""0.5"": 0.0, ""1.0"": 0.0, ""2.0"": 0.0, ""4.0"": 0.0}, ""bicycle"": {""0.5"": 0.09990584624204189, ""1.0"": 0.24845054665708685, ""2.0"": 0.43377130542081715, ""4.0"": 0.4380907218805472}, ""bus"": {""0.5"": 0.06954602157706732, ""1.0"": 0.4979078583390201, ""2.0"": 0.6036911582543303, ""4.0"": 0.8520138888888891}, ""car"": {""0.5"": 0.40956702775970805, ""1.0"": 0.6636755792196566, ""2.0"": 0.833952695207072, ""4.0"": 0.8938955840929511}, ""construction_vehicle"": {""0.5"": 0.0, ""1.0"": 0.0, ""2.0"": 0.0, ""4.0"": 0.0}, ""motorcycle"": {""0.5"": 0.2427087990332054, ""1.0"": 0.5495644278693419, ""2.0"": 0.6761571323888931, ""4.0"": 0.7789162977203632}, ""pedestrian"": {""0.5"": 0.14903564039307263, ""1.0"": 0.5223181534229397, ""2.0"": 0.7584784574784564, ""4.0"": 0.8284004475336199}, ""traffic_cone"": {""0.5"": 0.48219278999800663, ""1.0"": 0.7346504839817504, ""2.0"": 0.8075225574272366, ""4.0"": 0.8075225574272366}, ""trailer"": {""0.5"": 0.0, ""1.0"": 0.0, ""2.0"": 0.0, ""4.0"": 0.0}, ""truck"": {""0.5"": 0.28684001307170487, ""1.0"": 0.6743709913960709, ""2.0"": 0.7946713393699678, ""4.0"": 0.8136254851268848}}"
M1,1,camera_crash_back_10f,4441,7253,3260,3993,1181,0.7340689034001351,0.4494691851647594,0.5612894141798808,0.19218660135432114,209,37,0.17703349282296652,87,59,0.6781609195402298,0.7520974084545478,1.9073486328125e-06,0,0,0,1.0,2,0,"{""barrier"": 0.0, ""bicycle"": 0.3278297931917109, ""bus"": 0.4017867921778848, ""car"": 0.694061711217681, ""construction_vehicle"": 0.0, ""motorcycle"": 0.5289081093605784, ""pedestrian"": 0.543732023142212, ""traffic_cone"": 0.7016042445303323, ""trailer"": 0.0, ""truck"": 0.6357822059391149}","{""barrier"": {""0.5"": 0.0, ""1.0"": 0.0, ""2.0"": 0.0, ""4.0"": 0.0}, ""bicycle"": {""0.5"": 0.1073891814831583, ""1.0"": 0.27080449424258685, ""2.0"": 0.4642679631035377, ""4.0"": 0.4688575339375609}, ""bus"": {""0.5"": 0.0990594589687727, ""1.0"": 0.28284157015632766, ""2.0"": 0.43635725069755, ""4.0"": 0.7888888888888891}, ""car"": {""0.5"": 0.40907525411423584, ""1.0"": 0.6511539708730464, ""2.0"": 0.8261575893233245, ""4.0"": 0.8898600305601171}, ""construction_vehicle"": {""0.5"": 0.0, ""1.0"": 0.0, ""2.0"": 0.0, ""4.0"": 0.0}, ""motorcycle"": {""0.5"": 0.13859958468594802, ""1.0"": 0.5275515848347145, ""2.0"": 0.655047695974024, ""4.0"": 0.7944335719476273}, ""pedestrian"": {""0.5"": 0.15758373031739903, ""1.0"": 0.485089182603733, ""2.0"": 0.7313160198591182, ""4.0"": 0.8009391597885978}, ""traffic_cone"": {""0.5"": 0.5373218824120201, ""1.0"": 0.6794407464825974, ""2.0"": 0.7948271746133561, ""4.0"": 0.7948271746133561}, ""trailer"": {""0.5"": 0.0, ""1.0"": 0.0, ""2.0"": 0.0, ""4.0"": 0.0}, ""truck"": {""0.5"": 0.33908620667550887, ""1.0"": 0.6494613352679647, ""2.0"": 0.7673860646645684, ""4.0"": 0.7871952171484179}}"
M1,1,compound_fog_crash_10f,4441,7251,3232,4019,1209,0.7277640171132628,0.44573162322438287,0.569544314075222,0.19740274485772513,1398,280,0.20028612303290416,563,360,0.6394316163410302,0.690810547923529,1.9073486328125e-06,0,0,0,0.5,2,0,"{""barrier"": 0.0, ""bicycle"": 0.328834192557928, ""bus"": 0.3920749025393634, ""car"": 0.6915844651942467, ""construction_vehicle"": 0.0, ""motorcycle"": 0.47317588389569143, ""pedestrian"": 0.5312717419178979, ""traffic_cone"": 0.6284026862024885, ""trailer"": 0.0, ""truck"": 0.6287761762456879}","{""barrier"": {""0.5"": 0.0, ""1.0"": 0.0, ""2.0"": 0.0, ""4.0"": 0.0}, ""bicycle"": {""0.5"": 0.10781365046345337, ""1.0"": 0.26860286357712815, ""2.0"": 0.4595707564766343, ""4.0"": 0.47934949971449636}, ""bus"": {""0.5"": 0.12290429505135389, ""1.0"": 0.32441757443718233, ""2.0"": 0.43208885178002826, ""4.0"": 0.688888888888889}, ""car"": {""0.5"": 0.39287928831254426, ""1.0"": 0.6594604512385838, ""2.0"": 0.8261858060368311, ""4.0"": 0.8878123151890274}, ""construction_vehicle"": {""0.5"": 0.0, ""1.0"": 0.0, ""2.0"": 0.0, ""4.0"": 0.0}, ""motorcycle"": {""0.5"": 0.16590810933261121, ""1.0"": 0.4041723090086422, ""2.0"": 0.5726950256400998, ""4.0"": 0.7499280916014125}, ""pedestrian"": {""0.5"": 0.15019268462649682, ""1.0"": 0.46367931052466477, ""2.0"": 0.7110199868940174, ""4.0"": 0.8001949856264128}, ""traffic_cone"": {""0.5"": 0.4496498307641982, ""1.0"": 0.5821473838321888, ""2.0"": 0.7346122505430994, ""4.0"": 0.7472012796704678}, ""trailer"": {""0.5"": 0.0, ""1.0"": 0.0, ""2.0"": 0.0, ""4.0"": 0.0}, ""truck"": {""0.5"": 0.33461750366646764, ""1.0"": 0.6275710133549831, ""2.0"": 0.7629765385437401, ""4.0"": 0.7899396494175609}}"
M1,3,clean_no_corruption,4441,7403,3148,4255,1293,0.7088493582526458,0.42523301364311766,0.6294958619666801,0.2259500558312841,1,1,1.0,1,0,0.0,0.3823372737096621,9.5367431640625e-07,0,0,0,nan,0,0,"{""barrier"": 0.0, ""bicycle"": 0.2643833317045198, ""bus"": 0.6058083096908805, ""car"": 0.6077727730568308, ""construction_vehicle"": 0.0, ""motorcycle"": 0.41611616873009794, ""pedestrian"": 0.5170270344663923, ""traffic_cone"": 0.6107925856771795, ""trailer"": 0.0, ""truck"": 0.5212827123355408}","{""barrier"": {""0.5"": 0.0, ""1.0"": 0.0, ""2.0"": 0.0, ""4.0"": 0.0}, ""bicycle"": {""0.5"": 0.1090459655027324, ""1.0"": 0.24710058439988217, ""2.0"": 0.3386580521975664, ""4.0"": 0.362728724717898}, ""bus"": {""0.5"": 0.18240105573438908, ""1.0"": 0.5846340698934008, ""2.0"": 0.706919233001117, ""4.0"": 0.9492788801346151}, ""car"": {""0.5"": 0.2525447911970478, ""1.0"": 0.5559266867381495, ""2.0"": 0.7673488862601087, ""4.0"": 0.855270728032017}, ""construction_vehicle"": {""0.5"": 0.0, ""1.0"": 0.0, ""2.0"": 0.0, ""4.0"": 0.0}, ""motorcycle"": {""0.5"": 0.07579871108902715, ""1.0"": 0.27993982893525604, ""2.0"": 0.5932723265155132, ""4.0"": 0.7154538083805955}, ""pedestrian"": {""0.5"": 0.1271603111675715, ""1.0"": 0.42950606692510634, ""2.0"": 0.7140849227863508, ""4.0"": 0.7973568369865407}, ""traffic_cone"": {""0.5"": 0.3451853208151313, ""1.0"": 0.6463064270153462, ""2.0"": 0.714853334884215, ""4.0"": 0.7368252599940256}, ""trailer"": {""0.5"": 0.0, ""1.0"": 0.0, ""2.0"": 0.0, ""4.0"": 0.0}, ""truck"": {""0.5"": 0.174009058122511, ""1.0"": 0.41619587208563036, ""2.0"": 0.6918041381082517, ""4.0"": 0.8031217810257703}}"
M1,3,camera_crash_back_5f,4441,7384,3143,4241,1298,0.7077234857014186,0.42565005417118096,0.6289606896190554,0.22324182548222793,38,10,0.2631578947368421,28,19,0.6785714285714286,0.6714270153152747,9.5367431640625e-07,0,0,0,0.0,2,0,"{""barrier"": 0.0, ""bicycle"": 0.28325208374680205, ""bus"": 0.5207626605755004, ""car"": 0.6076150003573405, ""construction_vehicle"": 0.0, ""motorcycle"": 0.42729851750367515, ""pedestrian"": 0.5018076050130456, ""traffic_cone"": 0.640490029086223, ""trailer"": 0.0, ""truck"": 0.5515286489470322}","{""barrier"": {""0.5"": 0.0, ""1.0"": 0.0, ""2.0"": 0.0, ""4.0"": 0.0}, ""bicycle"": {""0.5"": 0.1163076388999947, ""1.0"": 0.26448983914296303, ""2.0"": 0.3647946742589333, ""4.0"": 0.3874161826853172}, ""bus"": {""0.5"": 0.07692707211220993, ""1.0"": 0.4670321168088645, ""2.0"": 0.6221073263968001, ""4.0"": 0.916984126984127}, ""car"": {""0.5"": 0.2626748278248255, ""1.0"": 0.550694751419869, ""2.0"": 0.765400929273499, ""4.0"": 0.8516894929111688}, ""construction_vehicle"": {""0.5"": 0.0, ""1.0"": 0.0, ""2.0"": 0.0, ""4.0"": 0.0}, ""motorcycle"": {""0.5"": 0.06546356153752556, ""1.0"": 0.31196880634473795, ""2.0"": 0.5918267022805391, ""4.0"": 0.7399349998518979}, ""pedestrian"": {""0.5"": 0.11891506461586675, ""1.0"": 0.416493441629307, ""2.0"": 0.6911014009696274, ""4.0"": 0.7807205128373812}, ""traffic_cone"": {""0.5"": 0.45462557609085363, ""1.0"": 0.6180011433195186, ""2.0"": 0.7446666984672599, ""4.0"": 0.7446666984672599}, ""trailer"": {""0.5"": 0.0, ""1.0"": 0.0, ""2.0"": 0.0, ""4.0"": 0.0}, ""truck"": {""0.5"": 0.2117338674172337, ""1.0"": 0.4932114622896177, ""2.0"": 0.7086645867399756, ""4.0"": 0.7925046793413021}}"
M1,3,camera_crash_back_10f,4441,7409,3105,4304,1336,0.6991668543120919,0.41908489674719934,0.621292480461017,0.21867097533304336,38,10,0.2631578947368421,28,19,0.6785714285714286,0.6704099584167489,1.9073486328125e-06,0,0,0,0.0,2,0,"{""barrier"": 0.0, ""bicycle"": 0.2954775010609606, ""bus"": 0.40104642221508174, ""car"": 0.6091680748073335, ""construction_vehicle"": 0.0, ""motorcycle"": 0.4117363658688654, ""pedestrian"": 0.48595377966627223, ""traffic_cone"": 0.608289230887019, ""trailer"": 0.0, ""truck"": 0.5124473826749634}","{""barrier"": {""0.5"": 0.0, ""1.0"": 0.0, ""2.0"": 0.0, ""4.0"": 0.0}, ""bicycle"": {""0.5"": 0.11745570046924673, ""1.0"": 0.2782082370373779, ""2.0"": 0.3804030305734436, ""4.0"": 0.4058430361637741}, ""bus"": {""0.5"": 0.010822626296482507, ""1.0"": 0.27141316315009123, ""2.0"": 0.5406388742735763, ""4.0"": 0.7813110251401769}, ""car"": {""0.5"": 0.26122715520086026, ""1.0"": 0.5624095955510969, ""2.0"": 0.7651572599289129, ""4.0"": 0.847878288548464}, ""construction_vehicle"": {""0.5"": 0.0, ""1.0"": 0.0, ""2.0"": 0.0, ""4.0"": 0.0}, ""motorcycle"": {""0.5"": 0.07555577414090701, ""1.0"": 0.2583864017226592, ""2.0"": 0.5667881520356196, ""4.0"": 0.7462151355762758}, ""pedestrian"": {""0.5"": 0.11194478881667434, ""1.0"": 0.40443775137121885, ""2.0"": 0.6656211399551681, ""4.0"": 0.7618114385220276}, ""traffic_cone"": {""0.5"": 0.4634978474725402, ""1.0"": 0.5876524732961241, ""2.0"": 0.6860248252258604, ""4.0"": 0.6959817775535516}, ""trailer"": {""0.5"": 0.0, ""1.0"": 0.0, ""2.0"": 0.0, ""4.0"": 0.0}, ""truck"": {""0.5"": 0.14024307449902484, ""1.0"": 0.40709639994990304, ""2.0"": 0.6965813448340893, ""4.0"": 0.8058687114168361}}"
M1,3,compound_fog_crash_10f,4441,7412,3050,4362,1391,0.6867822562485927,0.41149487317862926,0.6359492637807432,0.223644634126572,51,18,0.35294117647058826,28,16,0.5714285714285714,0.7341632620632333,9.5367431640625e-07,0,0,0,0.0,2,0,"{""barrier"": 0.0, ""bicycle"": 0.29161156527111687, ""bus"": 0.3817468521964789, ""car"": 0.5996728480878516, ""construction_vehicle"": 0.0, ""motorcycle"": 0.3480669694420015, ""pedestrian"": 0.4749757984533506, ""traffic_cone"": 0.6119470406187141, ""trailer"": 0.0, ""truck"": 0.5123136024120523}","{""barrier"": {""0.5"": 0.0, ""1.0"": 0.0, ""2.0"": 0.0, ""4.0"": 0.0}, ""bicycle"": {""0.5"": 0.11651136556265396, ""1.0"": 0.2697464344140177, ""2.0"": 0.37701168058227713, ""4.0"": 0.40317678052551864}, ""bus"": {""0.5"": 0.012679854096520761, ""1.0"": 0.24206508203730426, ""2.0"": 0.49316477903602096, ""4.0"": 0.7790776936160697}, ""car"": {""0.5"": 0.24715546931553467, ""1.0"": 0.54409109925902, ""2.0"": 0.7590285471669428, ""4.0"": 0.8484162766099091}, ""construction_vehicle"": {""0.5"": 0.0, ""1.0"": 0.0, ""2.0"": 0.0, ""4.0"": 0.0}, ""motorcycle"": {""0.5"": 0.03894317734218103, ""1.0"": 0.2591714781645955, ""2.0"": 0.45533688292772256, ""4.0"": 0.6388163393335069}, ""pedestrian"": {""0.5"": 0.10620090240819713, ""1.0"": 0.3801363214683587, ""2.0"": 0.651056015490782, ""4.0"": 0.7625099544460644}, ""traffic_cone"": {""0.5"": 0.43498602987179186, ""1.0"": 0.5786120350390086, ""2.0"": 0.7105248684209119, ""4.0"": 0.7236652291431439}, ""trailer"": {""0.5"": 0.0, ""1.0"": 0.0, ""2.0"": 0.0, ""4.0"": 0.0}, ""truck"": {""0.5"": 0.14350432403996694, ""1.0"": 0.3968281342142376, ""2.0"": 0.692999104188542, ""4.0"": 0.815922847205462}}"
M1,6,clean_no_corruption,4441,7384,3158,4226,1283,0.7111011033551002,0.42768147345612134,0.6191287084234952,0.23352778723226825,1,1,1.0,1,0,0.0,0.3403996196581178,9.5367431640625e-07,0,0,0,nan,0,0,"{""barrier"": 0.0, ""bicycle"": 0.22457998640737636, ""bus"": 0.6307013722909969, ""car"": 0.6152761314023273, ""construction_vehicle"": 0.0, ""motorcycle"": 0.40967990386105346, ""pedestrian"": 0.5088747603109072, ""traffic_cone"": 0.7052951251592097, ""trailer"": 0.0, ""truck"": 0.5347819191353494}","{""barrier"": {""0.5"": 0.0, ""1.0"": 0.0, ""2.0"": 0.0, ""4.0"": 0.0}, ""bicycle"": {""0.5"": 0.02087325837987736, ""1.0"": 0.24929823832680562, ""2.0"": 0.3003584369345086, ""4.0"": 0.32779001198831387}, ""bus"": {""0.5"": 0.07079874190200987, ""1.0"": 0.6525234567901236, ""2.0"": 0.8086317817290015, ""4.0"": 0.9908515087428524}, ""car"": {""0.5"": 0.2736060458320677, ""1.0"": 0.560782589815898, ""2.0"": 0.7724991931821502, ""4.0"": 0.854216696779193}, ""construction_vehicle"": {""0.5"": 0.0, ""1.0"": 0.0, ""2.0"": 0.0, ""4.0"": 0.0}, ""motorcycle"": {""0.5"": 0.06480006059174293, ""1.0"": 0.2792208667541424, ""2.0"": 0.5824925675720272, ""4.0"": 0.7122061205263012}, ""pedestrian"": {""0.5"": 0.11274363534144537, ""1.0"": 0.41051405196961405, ""2.0"": 0.709826673750871, ""4.0"": 0.8024146801816983}, ""traffic_cone"": {""0.5"": 0.5102800635424136, ""1.0"": 0.7182485293721804, ""2.0"": 0.7867014977504462, ""4.0"": 0.8059504099717983}, ""trailer"": {""0.5"": 0.0, ""1.0"": 0.0, ""2.0"": 0.0, ""4.0"": 0.0}, ""truck"": {""0.5"": 0.16207915518840407, ""1.0"": 0.437408234290291, ""2.0"": 0.7456142996751278, ""4.0"": 0.7940259873875749}}"
M1,6,camera_crash_back_5f,4441,7361,3144,4217,1297,0.707948660211664,0.4271158809944301,0.6232488742787431,0.245072936810064,46,11,0.2391304347826087,33,23,0.696969696969697,0.7692404629899687,9.5367431640625e-07,0,0,0,0.0,2,0,"{""barrier"": 0.0, ""bicycle"": 0.247212204198139, ""bus"": 0.5869751392630953, ""car"": 0.6115324960560207, ""construction_vehicle"": 0.0, ""motorcycle"": 0.4274712759262331, ""pedestrian"": 0.5042426686700531, ""traffic_cone"": 0.678968149318352, ""trailer"": 0.0, ""truck"": 0.5428702656629307}","{""barrier"": {""0.5"": 0.0, ""1.0"": 0.0, ""2.0"": 0.0, ""4.0"": 0.0}, ""bicycle"": {""0.5"": 0.02761987309139223, ""1.0"": 0.2743099239593102, ""2.0"": 0.33104879017595124, ""4.0"": 0.35587022956590236}, ""bus"": {""0.5"": 0.07388946409870324, ""1.0"": 0.5962123446019912, ""2.0"": 0.7702107712823034, ""4.0"": 0.9075879770693835}, ""car"": {""0.5"": 0.2666929219527053, ""1.0"": 0.5553254186169476, ""2.0"": 0.7709758447981871, ""4.0"": 0.8531357988562428}, ""construction_vehicle"": {""0.5"": 0.0, ""1.0"": 0.0, ""2.0"": 0.0, ""4.0"": 0.0}, ""motorcycle"": {""0.5"": 0.06489970863713436, ""1.0"": 0.33350060959721284, ""2.0"": 0.5845421726281763, ""4.0"": 0.7269426128424088}, ""pedestrian"": {""0.5"": 0.10351134254864504, ""1.0"": 0.4136907374232919, ""2.0"": 0.706664469344006, ""4.0"": 0.7931041253642696}, ""traffic_cone"": {""0.5"": 0.4631641088132662, ""1.0"": 0.6779301821724701, ""2.0"": 0.784194130154316, ""4.0"": 0.7905841761333559}, ""trailer"": {""0.5"": 0.0, ""1.0"": 0.0, ""2.0"": 0.0, ""4.0"": 0.0}, ""truck"": {""0.5"": 0.18036118863942627, ""1.0"": 0.46603655708070285, ""2.0"": 0.7401542240249002, ""4.0"": 0.7849290929066937}}"
M1,6,camera_crash_back_10f,4441,7375,3107,4268,1334,0.6996172033325827,0.4212881355932203,0.6291929664296866,0.2399961388752323,46,11,0.2391304347826087,33,23,0.696969696969697,0.7701096859899738,9.5367431640625e-07,0,0,0,1.0,2,0,"{""barrier"": 0.0, ""bicycle"": 0.2583617212528257, ""bus"": 0.3595584902250971, ""car"": 0.6123198725262515, ""construction_vehicle"": 0.0, ""motorcycle"": 0.4176832036404852, ""pedestrian"": 0.49116031901857166, ""traffic_cone"": 0.6928854964435969, ""trailer"": 0.0, ""truck"": 0.5293550057308701}","{""barrier"": {""0.5"": 0.0, ""1.0"": 0.0, ""2.0"": 0.0, ""4.0"": 0.0}, ""bicycle"": {""0.5"": 0.028836420114619815, ""1.0"": 0.285659367572364, ""2.0"": 0.34767435275077596, ""4.0"": 0.37127674457354304}, ""bus"": {""0.5"": 0.017847287062973335, ""1.0"": 0.21516493769990502, ""2.0"": 0.5272447679237717, ""4.0"": 0.6779769682137383}, ""car"": {""0.5"": 0.2770508851834318, ""1.0"": 0.5556051249493279, ""2.0"": 0.7691546754660916, ""4.0"": 0.8474688045061549}, ""construction_vehicle"": {""0.5"": 0.0, ""1.0"": 0.0, ""2.0"": 0.0, ""4.0"": 0.0}, ""motorcycle"": {""0.5"": 0.06583992717776559, ""1.0"": 0.29129066457409797, ""2.0"": 0.5826099521457716, ""4.0"": 0.7309922706643057}, ""pedestrian"": {""0.5"": 0.10309934628241209, ""1.0"": 0.3923533178583066, ""2.0"": 0.6847270378560361, ""4.0"": 0.7844615740775318}, ""traffic_cone"": {""0.5"": 0.5449693999975869, ""1.0"": 0.6780894695699465, ""2.0"": 0.7739095326590418, ""4.0"": 0.7745735835478118}, ""trailer"": {""0.5"": 0.0, ""1.0"": 0.0, ""2.0"": 0.0, ""4.0"": 0.0}, ""truck"": {""0.5"": 0.1386506696729041, ""1.0"": 0.4532446865671529, ""2.0"": 0.7382159899501058, ""4.0"": 0.7873086767333176}}"
M1,6,compound_fog_crash_10f,4441,7377,3045,4332,1396,0.6856563836973655,0.41276941846278975,0.6376329829874616,0.24150866553523145,48,10,0.20833333333333334,35,26,0.7428571428571429,0.8126825424427091,9.5367431640625e-07,0,0,0,0.0,2,0,"{""barrier"": 0.0, ""bicycle"": 0.26587962040993085, ""bus"": 0.39718904673027056, ""car"": 0.6008973951367652, ""construction_vehicle"": 0.0, ""motorcycle"": 0.33216657151844836, ""pedestrian"": 0.467333577331418, ""traffic_cone"": 0.610032586186441, ""trailer"": 0.0, ""truck"": 0.5263844307018641}","{""barrier"": {""0.5"": 0.0, ""1.0"": 0.0, ""2.0"": 0.0, ""4.0"": 0.0}, ""bicycle"": {""0.5"": 0.03260748086509743, ""1.0"": 0.29231522503324986, ""2.0"": 0.3562665025045905, ""4.0"": 0.38232927323678556}, ""bus"": {""0.5"": 0.014139736141370127, ""1.0"": 0.27915535127607827, ""2.0"": 0.5751567967365075, ""4.0"": 0.7203043027671263}, ""car"": {""0.5"": 0.26270020217116524, ""1.0"": 0.5371018703702516, ""2.0"": 0.7619495894408905, ""4.0"": 0.8418379185647535}, ""construction_vehicle"": {""0.5"": 0.0, ""1.0"": 0.0, ""2.0"": 0.0, ""4.0"": 0.0}, ""motorcycle"": {""0.5"": 0.042610892202981775, ""1.0"": 0.20938222178452565, ""2.0"": 0.44389740259658944, ""4.0"": 0.6327757694896966}, ""pedestrian"": {""0.5"": 0.09494743487103835, ""1.0"": 0.36592661445441893, ""2.0"": 0.6449865445190416, ""4.0"": 0.7634737154811734}, ""traffic_cone"": {""0.5"": 0.39121184438372586, ""1.0"": 0.580245713675997, ""2.0"": 0.7284257033774363, ""4.0"": 0.7402470833086047}, ""trailer"": {""0.5"": 0.0, ""1.0"": 0.0, ""2.0"": 0.0, ""4.0"": 0.0}, ""truck"": {""0.5"": 0.12858866068673552, ""1.0"": 0.4592529734056486, ""2.0"": 0.7358991803635615, ""4.0"": 0.7817969083515109}}"
M1,12,clean_no_corruption,4441,7225,3175,4050,1266,0.7149290700292726,0.43944636678200694,0.5764130435987012,0.21387900171368426,1,1,1.0,1,0,0.0,0.278762241634319,1.9073486328125e-06,0,0,0,nan,0,0,"{""barrier"": 0.0, ""bicycle"": 0.21338449482238234, ""bus"": 0.6439929008261266, ""car"": 0.6624602235717926, ""construction_vehicle"": 0.0, ""motorcycle"": 0.42427281988359034, ""pedestrian"": 0.5277599008294069, ""traffic_cone"": 0.6994152501819484, ""trailer"": 0.0, ""truck"": 0.6559928210389104}","{""barrier"": {""0.5"": 0.0, ""1.0"": 0.0, ""2.0"": 0.0, ""4.0"": 0.0}, ""bicycle"": {""0.5"": 0.06570285591063706, ""1.0"": 0.17564986364725269, ""2.0"": 0.3011930369941058, ""4.0"": 0.3109922227375338}, ""bus"": {""0.5"": 0.2022559654444236, ""1.0"": 0.6873722222222224, ""2.0"": 0.6873722222222224, ""4.0"": 0.998971193415638}, ""car"": {""0.5"": 0.36249799268741345, ""1.0"": 0.6172943613418289, ""2.0"": 0.7984568596357744, ""4.0"": 0.8715916806221535}, ""construction_vehicle"": {""0.5"": 0.0, ""1.0"": 0.0, ""2.0"": 0.0, ""4.0"": 0.0}, ""motorcycle"": {""0.5"": 0.08468036813990482, ""1.0"": 0.3339508749253912, ""2.0"": 0.5850603340373037, ""4.0"": 0.6933997024317615}, ""pedestrian"": {""0.5"": 0.13102748024241945, ""1.0"": 0.43734682278342485, ""2.0"": 0.7211991513615955, ""4.0"": 0.8214661489301877}, ""traffic_cone"": {""0.5"": 0.431452126207998, ""1.0"": 0.7427187603243323, ""2.0"": 0.810947866234323, ""4.0"": 0.8125422479611399}, ""trailer"": {""0.5"": 0.0, ""1.0"": 0.0, ""2.0"": 0.0, ""4.0"": 0.0}, ""truck"": {""0.5"": 0.3270764572641292, ""1.0"": 0.672851801227457, ""2.0"": 0.8063773328814067, ""4.0"": 0.8176656927826488}}"
M1,12,camera_crash_back_5f,4441,7206,3171,4035,1270,0.7140283719882909,0.44004995836802663,0.582180494680269,0.22506238703528847,144,26,0.18055555555555555,120,95,0.7916666666666666,0.9337880428583891,1.9073486328125e-06,0,0,0,1.0,2,0,"{""barrier"": 0.0, ""bicycle"": 0.15694034111342864, ""bus"": 0.5472549711942903, ""car"": 0.6616986430031988, ""construction_vehicle"": 0.0, ""motorcycle"": 0.45608500417635434, ""pedestrian"": 0.5286849162205054, ""traffic_cone"": 0.712341923249207, ""trailer"": 0.0, ""truck"": 0.665940071541741}","{""barrier"": {""0.5"": 0.0, ""1.0"": 0.0, ""2.0"": 0.0, ""4.0"": 0.0}, ""bicycle"": {""0.5"": 0.04259077395487468, ""1.0"": 0.12169303503383941, ""2.0"": 0.2283036149123756, ""4.0"": 0.23517394055262486}, ""bus"": {""0.5"": 0.09479900346567013, ""1.0"": 0.5238511103535763, ""2.0"": 0.5769093120268676, ""4.0"": 0.9934604589310473}, ""car"": {""0.5"": 0.3607281670304474, ""1.0"": 0.6160085542588576, ""2.0"": 0.7998760920018456, ""4.0"": 0.8701817587216447}, ""construction_vehicle"": {""0.5"": 0.0, ""1.0"": 0.0, ""2.0"": 0.0, ""4.0"": 0.0}, ""motorcycle"": {""0.5"": 0.13260863796437994, ""1.0"": 0.3446921034123129, ""2.0"": 0.6275324715210696, ""4.0"": 0.719506803807655}, ""pedestrian"": {""0.5"": 0.14614027623320738, ""1.0"": 0.45720070187073825, ""2.0"": 0.7108394145197597, ""4.0"": 0.8005592722583161}, ""traffic_cone"": {""0.5"": 0.4362346170321593, ""1.0"": 0.7593973337225345, ""2.0"": 0.8268678711210671, ""4.0"": 0.8268678711210671}, ""trailer"": {""0.5"": 0.0, ""1.0"": 0.0, ""2.0"": 0.0, ""4.0"": 0.0}, ""truck"": {""0.5"": 0.40338328583753935, ""1.0"": 0.6577036511419263, ""2.0"": 0.7930455437266658, ""4.0"": 0.8096278054608325}}"
M1,12,camera_crash_back_10f,4441,7068,3098,3970,1343,0.6975906327403738,0.4383135257498585,0.5704028487659223,0.2249636307239993,178,49,0.2752808988764045,148,102,0.6891891891891891,0.8939781848142743,1.9073486328125e-06,0,0,0,1.0,2,0,"{""barrier"": 0.0, ""bicycle"": 0.17584039809090796, ""bus"": 0.3880142914817261, ""car"": 0.6645197256439399, ""construction_vehicle"": 0.0, ""motorcycle"": 0.4135198915812141, ""pedestrian"": 0.5037654193914488, ""traffic_cone"": 0.6558481881301947, ""trailer"": 0.0, ""truck"": 0.6391731893165615}","{""barrier"": {""0.5"": 0.0, ""1.0"": 0.0, ""2.0"": 0.0, ""4.0"": 0.0}, ""bicycle"": {""0.5"": 0.04674340312202813, ""1.0"": 0.13480508189641824, ""2.0"": 0.259347926685362, ""4.0"": 0.26246518065982344}, ""bus"": {""0.5"": 0.07016866926344052, ""1.0"": 0.33794592526687467, ""2.0"": 0.3717060253324587, ""4.0"": 0.7722365460641305}, ""car"": {""0.5"": 0.3794997021804809, ""1.0"": 0.6260489183556587, ""2.0"": 0.7911923941719168, ""4.0"": 0.8613378878677035}, ""construction_vehicle"": {""0.5"": 0.0, ""1.0"": 0.0, ""2.0"": 0.0, ""4.0"": 0.0}, ""motorcycle"": {""0.5"": 0.07303500037921613, ""1.0"": 0.29059895684553744, ""2.0"": 0.5811861290112843, ""4.0"": 0.7092594800888186}, ""pedestrian"": {""0.5"": 0.14822509621715466, ""1.0"": 0.42239691587329986, ""2.0"": 0.6775738246892061, ""4.0"": 0.7668658407861345}, ""traffic_cone"": {""0.5"": 0.4217045948444475, ""1.0"": 0.7001249695028771, ""2.0"": 0.7507815940867272, ""4.0"": 0.7507815940867272}, ""trailer"": {""0.5"": 0.0, ""1.0"": 0.0, ""2.0"": 0.0, ""4.0"": 0.0}, ""truck"": {""0.5"": 0.4263287130631188, ""1.0"": 0.5983162269157392, ""2.0"": 0.7488600667168049, ""4.0"": 0.7831877505705835}}"
M1,12,compound_fog_crash_10f,4441,7067,3034,4033,1407,0.6831794640846656,0.4293193717277487,0.5876578892519962,0.22478920437029418,188,63,0.3351063829787234,154,95,0.6168831168831169,0.7916827439674292,2.86102294921875e-06,0,0,0,1.0,2,0,"{""barrier"": 0.0, ""bicycle"": 0.16736762366825336, ""bus"": 0.36614029610315846, ""car"": 0.6492254563500884, ""construction_vehicle"": 0.0, ""motorcycle"": 0.3643636228083036, ""pedestrian"": 0.4794713299376213, ""traffic_cone"": 0.6475192725756599, ""trailer"": 0.0, ""truck"": 0.6595337337230642}","{""barrier"": {""0.5"": 0.0, ""1.0"": 0.0, ""2.0"": 0.0, ""4.0"": 0.0}, ""bicycle"": {""0.5"": 0.04339917542955805, ""1.0"": 0.12536307736258656, ""2.0"": 0.2489445893219065, ""4.0"": 0.2517636525589624}, ""bus"": {""0.5"": 0.01217387381439669, ""1.0"": 0.2742142447304126, ""2.0"": 0.401610388116451, ""4.0"": 0.7765626777513734}, ""car"": {""0.5"": 0.3601754872169338, ""1.0"": 0.5938424249602291, ""2.0"": 0.7811946419104061, ""4.0"": 0.8616892713127848}, ""construction_vehicle"": {""0.5"": 0.0, ""1.0"": 0.0, ""2.0"": 0.0, ""4.0"": 0.0}, ""motorcycle"": {""0.5"": 0.09245797158661793, ""1.0"": 0.284303118791354, ""2.0"": 0.4609024868706635, ""4.0"": 0.6197909139845791}, ""pedestrian"": {""0.5"": 0.1124046034859274, ""1.0"": 0.3768287373012299, ""2.0"": 0.6587471684752956, ""4.0"": 0.7699048104880325}, ""traffic_cone"": {""0.5"": 0.4193698040753741, ""1.0"": 0.6422966051507236, ""2.0"": 0.7555531743089093, ""4.0"": 0.7728575067676324}, ""trailer"": {""0.5"": 0.0, ""1.0"": 0.0, ""2.0"": 0.0, ""4.0"": 0.0}, ""truck"": {""0.5"": 0.43869264170549205, ""1.0"": 0.6217741267615031, ""2.0"": 0.7871151118396335, ""4.0"": 0.7905530545856281}}"
M1-Ramp,1,clean_no_corruption,4441,7075,3365,3710,1076,0.7577122269759063,0.4756183745583039,0.5179926259739206,0.1825025991857219,3,3,1.0,3,0,0.0,0.39556173323121063,1.9073486328125e-06,0,0,0,nan,0,0,"{""barrier"": 0.0, ""bicycle"": 0.25456637650791625, ""bus"": 0.6150606114265965, ""car"": 0.725792853945491, ""construction_vehicle"": 0.0, ""motorcycle"": 0.5942291024390984, ""pedestrian"": 0.5881048952817017, ""traffic_cone"": 0.7234337500374954, ""trailer"": 0.0, ""truck"": 0.7926520433245712}","{""barrier"": {""0.5"": 0.0, ""1.0"": 0.0, ""2.0"": 0.0, ""4.0"": 0.0}, ""bicycle"": {""0.5"": 0.0767528116217385, ""1.0"": 0.2052603294238576, ""2.0"": 0.3628978289080719, ""4.0"": 0.373354536077997}, ""bus"": {""0.5"": 0.08902267683265275, ""1.0"": 0.6857914385399893, ""2.0"": 0.6857914385399893, ""4.0"": 0.9996368917937548}, ""car"": {""0.5"": 0.44237785807377666, ""1.0"": 0.7075744387015247, ""2.0"": 0.8547628826285554, ""4.0"": 0.8984562363781073}, ""construction_vehicle"": {""0.5"": 0.0, ""1.0"": 0.0, ""2.0"": 0.0, ""4.0"": 0.0}, ""motorcycle"": {""0.5"": 0.26231345338179235, ""1.0"": 0.5744511258228323, ""2.0"": 0.735223778542412, ""4.0"": 0.8049280520093574}, ""pedestrian"": {""0.5"": 0.19624197713315727, ""1.0"": 0.5150835339088069, ""2.0"": 0.7849378347401381, ""4.0"": 0.8561562353447045}, ""traffic_cone"": {""0.5"": 0.47315869101136154, ""1.0"": 0.7566568686655105, ""2.0"": 0.8314225285021691, ""4.0"": 0.8324969119709406}, ""trailer"": {""0.5"": 0.0, ""1.0"": 0.0, ""2.0"": 0.0, ""4.0"": 0.0}, ""truck"": {""0.5"": 0.6362813084898858, ""1.0"": 0.7970501386467964, ""2.0"": 0.8654910212281586, ""4.0"": 0.8717857049334443}}"
M1-Ramp,1,camera_crash_back_5f,4441,7081,3367,3714,1074,0.7581625759963972,0.4754978110436379,0.5273011937225026,0.18256076889944223,130,37,0.2846153846153846,74,41,0.5540540540540541,0.8403871260813672,2.86102294921875e-06,0,0,0,0.0,2,0,"{""barrier"": 0.0, ""bicycle"": 0.25510269040104866, ""bus"": 0.5191291779096932, ""car"": 0.7234762498807878, ""construction_vehicle"": 0.0, ""motorcycle"": 0.6212844232108624, ""pedestrian"": 0.579629584552261, ""traffic_cone"": 0.7190806874952698, ""trailer"": 0.0, ""truck"": 0.7918762055988924}","{""barrier"": {""0.5"": 0.0, ""1.0"": 0.0, ""2.0"": 0.0, ""4.0"": 0.0}, ""bicycle"": {""0.5"": 0.08098934617483287, ""1.0"": 0.1864846809889174, ""2.0"": 0.3722814884420152, ""4.0"": 0.3806552459984291}, ""bus"": {""0.5"": 0.045531878147184526, ""1.0"": 0.476933733644867, ""2.0"": 0.5984955442911656, ""4.0"": 0.9555555555555557}, ""car"": {""0.5"": 0.44426234992906927, ""1.0"": 0.7054916494266475, ""2.0"": 0.8471598424925643, ""4.0"": 0.8969911576748704}, ""construction_vehicle"": {""0.5"": 0.0, ""1.0"": 0.0, ""2.0"": 0.0, ""4.0"": 0.0}, ""motorcycle"": {""0.5"": 0.24883714291779724, ""1.0"": 0.6250352274013036, ""2.0"": 0.7793899629993075, ""4.0"": 0.8318753595250414}, ""pedestrian"": {""0.5"": 0.1786209766233834, ""1.0"": 0.5015180222813068, ""2.0"": 0.784635495808879, ""4.0"": 0.8537438434954749}, ""traffic_cone"": {""0.5"": 0.46354848490708483, ""1.0"": 0.785884196154223, ""2.0"": 0.812875428579257, ""4.0"": 0.8140146403405144}, ""trailer"": {""0.5"": 0.0, ""1.0"": 0.0, ""2.0"": 0.0, ""4.0"": 0.0}, ""truck"": {""0.5"": 0.640726397217636, ""1.0"": 0.8209420269261263, ""2.0"": 0.852714797792695, ""4.0"": 0.8531216004591126}}"
M1-Ramp,1,camera_crash_back_10f,4441,7121,3347,3774,1094,0.7536590857914884,0.4700182558629406,0.5315579011705175,0.19298189867836169,220,77,0.35,137,66,0.48175182481751827,0.766799314337909,1.9073486328125e-06,0,0,0,0.0,2,0,"{""barrier"": 0.0, ""bicycle"": 0.2946053316785998, ""bus"": 0.4184061214142914, ""car"": 0.7279651904717747, ""construction_vehicle"": 0.0, ""motorcycle"": 0.6035153133723293, ""pedestrian"": 0.5639706534944311, ""traffic_cone"": 0.7186739970062248, ""trailer"": 0.0, ""truck"": 0.781876895327549}","{""barrier"": {""0.5"": 0.0, ""1.0"": 0.0, ""2.0"": 0.0, ""4.0"": 0.0}, ""bicycle"": {""0.5"": 0.08586825265934209, ""1.0"": 0.2543532455382917, ""2.0"": 0.4133935890383968, ""4.0"": 0.42480623947836876}, ""bus"": {""0.5"": 0.11066273378038083, ""1.0"": 0.3463267363839259, ""2.0"": 0.42774612660396977, ""4.0"": 0.7888888888888891}, ""car"": {""0.5"": 0.45284415803709027, ""1.0"": 0.7083972952897508, ""2.0"": 0.8557646611964937, ""4.0"": 0.8948546473637636}, ""construction_vehicle"": {""0.5"": 0.0, ""1.0"": 0.0, ""2.0"": 0.0, ""4.0"": 0.0}, ""motorcycle"": {""0.5"": 0.24221404021030554, ""1.0"": 0.6015720743398975, ""2.0"": 0.760192611691844, ""4.0"": 0.8100825272472703}, ""pedestrian"": {""0.5"": 0.1740366737946916, ""1.0"": 0.46740406624405934, ""2.0"": 0.775734783348916, ""4.0"": 0.8387070905900574}, ""traffic_cone"": {""0.5"": 0.5526945540122502, ""1.0"": 0.757646331359182, ""2.0"": 0.7818859007911807, ""4.0"": 0.7824692018622865}, ""trailer"": {""0.5"": 0.0, ""1.0"": 0.0, ""2.0"": 0.0, ""4.0"": 0.0}, ""truck"": {""0.5"": 0.6112073024919118, ""1.0"": 0.7909366344821462, ""2.0"": 0.8582305840439408, ""4.0"": 0.867133060292197}}"
M1-Ramp,1,compound_fog_crash_10f,4441,7155,3297,3858,1144,0.7424003602792164,0.4607966457023061,0.5454193472146622,0.196773689478392,1869,324,0.17335473515248795,969,704,0.7265221878224974,0.715613903979823,1.9073486328125e-06,0,0,0,0.0,2,0,"{""barrier"": 0.0, ""bicycle"": 0.2874867481059302, ""bus"": 0.4273930069794041, ""car"": 0.7113519040549253, ""construction_vehicle"": 0.0, ""motorcycle"": 0.506344432375437, ""pedestrian"": 0.5543286296117778, ""traffic_cone"": 0.6466520222284047, ""trailer"": 0.0, ""truck"": 0.762705786252387}","{""barrier"": {""0.5"": 0.0, ""1.0"": 0.0, ""2.0"": 0.0, ""4.0"": 0.0}, ""bicycle"": {""0.5"": 0.07734967963293968, ""1.0"": 0.2531144938597132, ""2.0"": 0.4041994387762054, ""4.0"": 0.41528338015486266}, ""bus"": {""0.5"": 0.1118973016816154, ""1.0"": 0.3788170476038123, ""2.0"": 0.4299687897432996, ""4.0"": 0.7888888888888891}, ""car"": {""0.5"": 0.4135099343974278, ""1.0"": 0.6953201698136968, ""2.0"": 0.8447001666065179, ""4.0"": 0.8918773454020589}, ""construction_vehicle"": {""0.5"": 0.0, ""1.0"": 0.0, ""2.0"": 0.0, ""4.0"": 0.0}, ""motorcycle"": {""0.5"": 0.19732192109900848, ""1.0"": 0.4324413634603651, ""2.0"": 0.6248206863957116, ""4.0"": 0.770793758546663}, ""pedestrian"": {""0.5"": 0.16711525986250444, ""1.0"": 0.4703495835858914, ""2.0"": 0.7517274391721318, ""4.0"": 0.8281222358265836}, ""traffic_cone"": {""0.5"": 0.4139477681917575, ""1.0"": 0.647377912653038, ""2.0"": 0.748228756431995, ""4.0"": 0.777053651636828}, ""trailer"": {""0.5"": 0.0, ""1.0"": 0.0, ""2.0"": 0.0, ""4.0"": 0.0}, ""truck"": {""0.5"": 0.6084365727634519, ""1.0"": 0.7396122999523315, ""2.0"": 0.8488967616993346, ""4.0"": 0.85387751059443}}"
M1-Ramp,3,clean_no_corruption,4441,7189,3289,3900,1152,0.7405989641972529,0.45750452079566006,0.5665373495489864,0.20385346246790428,0,0,nan,0,0,nan,nan,1.9073486328125e-06,0,0,0,nan,0,0,"{""barrier"": 0.0, ""bicycle"": 0.23944472552348112, ""bus"": 0.6100427356626466, ""car"": 0.6802767820167104, ""construction_vehicle"": 0.0, ""motorcycle"": 0.49236967525109165, ""pedestrian"": 0.5587176277517025, ""traffic_cone"": 0.7132374095440377, ""trailer"": 0.0, ""truck"": 0.6484212222261512}","{""barrier"": {""0.5"": 0.0, ""1.0"": 0.0, ""2.0"": 0.0, ""4.0"": 0.0}, ""bicycle"": {""0.5"": 0.09803260802142702, ""1.0"": 0.16815630109346522, ""2.0"": 0.3412476663224739, ""4.0"": 0.35034232665655846}, ""bus"": {""0.5"": 0.06895117377685317, ""1.0"": 0.6857914385399893, ""2.0"": 0.6857914385399893, ""4.0"": 0.9996368917937548}, ""car"": {""0.5"": 0.3727235800218793, ""1.0"": 0.6471068257404564, ""2.0"": 0.8180663459580649, ""4.0"": 0.8832103763464407}, ""construction_vehicle"": {""0.5"": 0.0, ""1.0"": 0.0, ""2.0"": 0.0, ""4.0"": 0.0}, ""motorcycle"": {""0.5"": 0.14413870365936163, ""1.0"": 0.40331785347673466, ""2.0"": 0.6479053837944361, ""4.0"": 0.7741167600738342}, ""pedestrian"": {""0.5"": 0.15374167846105202, ""1.0"": 0.49269256990229215, ""2.0"": 0.752977338611438, ""4.0"": 0.8354589240320279}, ""traffic_cone"": {""0.5"": 0.4930902130838065, ""1.0"": 0.7311074643608647, ""2.0"": 0.8143759803657395, ""4.0"": 0.8143759803657395}, ""trailer"": {""0.5"": 0.0, ""1.0"": 0.0, ""2.0"": 0.0, ""4.0"": 0.0}, ""truck"": {""0.5"": 0.37896259336519, ""1.0"": 0.6267034739853028, ""2.0"": 0.7677545491223681, ""4.0"": 0.8202642724317435}}"
M1-Ramp,3,camera_crash_back_5f,4441,7208,3263,3945,1178,0.7347444269308714,0.4526914539400666,0.5774799606388569,0.20723752226811187,141,25,0.1773049645390071,69,50,0.7246376811594203,0.8403774851829918,1.9073486328125e-06,0,0,0,0.0,2,0,"{""barrier"": 0.0, ""bicycle"": 0.2558257579563215, ""bus"": 0.5008891616888509, ""car"": 0.677346306589556, ""construction_vehicle"": 0.0, ""motorcycle"": 0.49330877040973764, ""pedestrian"": 0.544409757358052, ""traffic_cone"": 0.674557613615463, ""trailer"": 0.0, ""truck"": 0.6512537492294442}","{""barrier"": {""0.5"": 0.0, ""1.0"": 0.0, ""2.0"": 0.0, ""4.0"": 0.0}, ""bicycle"": {""0.5"": 0.06832943554819088, ""1.0"": 0.17416108390176574, ""2.0"": 0.38498789898783836, ""4.0"": 0.39582461338749114}, ""bus"": {""0.5"": 0.04921709968328326, ""1.0"": 0.3961657676142434, ""2.0"": 0.6026182239023213, ""4.0"": 0.9555555555555557}, ""car"": {""0.5"": 0.35607710260928677, ""1.0"": 0.6539424207358083, ""2.0"": 0.815411731975102, ""4.0"": 0.8839539710380271}, ""construction_vehicle"": {""0.5"": 0.0, ""1.0"": 0.0, ""2.0"": 0.0, ""4.0"": 0.0}, ""motorcycle"": {""0.5"": 0.16720845731524947, ""1.0"": 0.4020127553675321, ""2.0"": 0.6473527898362399, ""4.0"": 0.756661079119929}, ""pedestrian"": {""0.5"": 0.1437424113053358, ""1.0"": 0.4684685918848582, ""2.0"": 0.7437592360770254, ""4.0"": 0.8216687901649886}, ""traffic_cone"": {""0.5"": 0.3994043575620005, ""1.0"": 0.6916463815037635, ""2.0"": 0.8035898576980439, ""4.0"": 0.8035898576980439}, ""trailer"": {""0.5"": 0.0, ""1.0"": 0.0, ""2.0"": 0.0, ""4.0"": 0.0}, ""truck"": {""0.5"": 0.39694175840753676, ""1.0"": 0.629064842052432, ""2.0"": 0.7575729849194325, ""4.0"": 0.821435411538376}}"
M1-Ramp,3,camera_crash_back_10f,4441,7213,3254,3959,1187,0.7327178563386625,0.4511299043393872,0.5859898469917938,0.20468235634696474,187,50,0.26737967914438504,97,57,0.5876288659793815,0.8072512939859133,2.86102294921875e-06,0,0,0,1.5,2,0,"{""barrier"": 0.0, ""bicycle"": 0.24468926095096688, ""bus"": 0.425145350133708, ""car"": 0.6699702412860796, ""construction_vehicle"": 0.0, ""motorcycle"": 0.46548974034979795, ""pedestrian"": 0.5287427046653118, ""traffic_cone"": 0.6617938801452167, ""trailer"": 0.0, ""truck"": 0.668596449631424}","{""barrier"": {""0.5"": 0.0, ""1.0"": 0.0, ""2.0"": 0.0, ""4.0"": 0.0}, ""bicycle"": {""0.5"": 0.06010365820736191, ""1.0"": 0.13945015985865641, ""2.0"": 0.3853660294739567, ""4.0"": 0.3938371962638925}, ""bus"": {""0.5"": 0.08258549547765233, ""1.0"": 0.3920563885098199, ""2.0"": 0.43705062765847086, ""4.0"": 0.7888888888888891}, ""car"": {""0.5"": 0.33726792569249125, ""1.0"": 0.650074856605713, ""2.0"": 0.814131423484606, ""4.0"": 0.8784067593615085}, ""construction_vehicle"": {""0.5"": 0.0, ""1.0"": 0.0, ""2.0"": 0.0, ""4.0"": 0.0}, ""motorcycle"": {""0.5"": 0.15230847610304848, ""1.0"": 0.32504585042614553, ""2.0"": 0.6432426350118923, ""4.0"": 0.7413619998581057}, ""pedestrian"": {""0.5"": 0.13165672544293772, ""1.0"": 0.43531900736877577, ""2.0"": 0.7380268785880126, ""4.0"": 0.8099682072615211}, ""traffic_cone"": {""0.5"": 0.44322778608903657, ""1.0"": 0.7033989851795246, ""2.0"": 0.7502743746561528, ""4.0"": 0.7502743746561528}, ""trailer"": {""0.5"": 0.0, ""1.0"": 0.0, ""2.0"": 0.0, ""4.0"": 0.0}, ""truck"": {""0.5"": 0.4050894154913096, ""1.0"": 0.6676974557444108, ""2.0"": 0.7793414244629558, ""4.0"": 0.8222575028270197}}"
M1-Ramp,3,compound_fog_crash_10f,4441,7195,3175,4020,1266,0.7149290700292726,0.4412786657400973,0.5826828453424999,0.20593976094374034,1069,232,0.21702525724976612,474,310,0.6540084388185654,0.7077112707956444,1.9073486328125e-06,0,0,0,1.0,2,0,"{""barrier"": 0.0, ""bicycle"": 0.2676939448340394, ""bus"": 0.43492974923325156, ""car"": 0.6628210884121943, ""construction_vehicle"": 0.0, ""motorcycle"": 0.43513486616460184, ""pedestrian"": 0.49771870565068044, ""traffic_cone"": 0.6721631818031906, ""trailer"": 0.0, ""truck"": 0.6502801366685513}","{""barrier"": {""0.5"": 0.0, ""1.0"": 0.0, ""2.0"": 0.0, ""4.0"": 0.0}, ""bicycle"": {""0.5"": 0.10847657593267142, ""1.0"": 0.15869746892452516, ""2.0"": 0.39630673515826215, ""4.0"": 0.40729499932069885}, ""bus"": {""0.5"": 0.12196773125204498, ""1.0"": 0.39028246295519253, ""2.0"": 0.4385799138368798, ""4.0"": 0.7888888888888891}, ""car"": {""0.5"": 0.343674600704124, ""1.0"": 0.6349024819489391, ""2.0"": 0.7994186297351606, ""4.0"": 0.8732886412605536}, ""construction_vehicle"": {""0.5"": 0.0, ""1.0"": 0.0, ""2.0"": 0.0, ""4.0"": 0.0}, ""motorcycle"": {""0.5"": 0.18151667208664787, ""1.0"": 0.31893945567102494, ""2.0"": 0.5471831804553249, ""4.0"": 0.6929001564454097}, ""pedestrian"": {""0.5"": 0.09947619234650919, ""1.0"": 0.4054137395257359, ""2.0"": 0.6902949418696184, ""4.0"": 0.7956899488608581}, ""traffic_cone"": {""0.5"": 0.4916099402614528, ""1.0"": 0.6611821155699714, ""2.0"": 0.7589630459557056, ""4.0"": 0.7768976254256327}, ""trailer"": {""0.5"": 0.0, ""1.0"": 0.0, ""2.0"": 0.0, ""4.0"": 0.0}, ""truck"": {""0.5"": 0.3685341545612969, ""1.0"": 0.645908798654382, ""2.0"": 0.7785933753008057, ""4.0"": 0.8080842181577207}}"
M1-Ramp,6,clean_no_corruption,4441,7375,3167,4208,1274,0.7131276739473091,0.42942372881355934,0.6290186939773745,0.23073248065260965,0,0,nan,0,0,nan,nan,9.5367431640625e-07,0,0,0,nan,0,0,"{""barrier"": 0.0, ""bicycle"": 0.27886570594984167, ""bus"": 0.6658737787217434, ""car"": 0.6070115499584683, ""construction_vehicle"": 0.0, ""motorcycle"": 0.40537683776759814, ""pedestrian"": 0.5177626224838918, ""traffic_cone"": 0.7135281864986, ""trailer"": 0.0, ""truck"": 0.5842853493709063}","{""barrier"": {""0.5"": 0.0, ""1.0"": 0.0, ""2.0"": 0.0, ""4.0"": 0.0}, ""bicycle"": {""0.5"": 0.0563306314611018, ""1.0"": 0.2901754002875452, ""2.0"": 0.3733230694294125, ""4.0"": 0.3956337226213072}, ""bus"": {""0.5"": 0.11160531781128075, ""1.0"": 0.6236540628140209, ""2.0"": 0.9368105745006587, ""4.0"": 0.9914251597610131}, ""car"": {""0.5"": 0.25969286957326654, ""1.0"": 0.5450456727766816, ""2.0"": 0.7671370705147502, ""4.0"": 0.8561705869691745}, ""construction_vehicle"": {""0.5"": 0.0, ""1.0"": 0.0, ""2.0"": 0.0, ""4.0"": 0.0}, ""motorcycle"": {""0.5"": 0.051328937447147074, ""1.0"": 0.25982995165068445, ""2.0"": 0.5896381709422188, ""4.0"": 0.7207102910303421}, ""pedestrian"": {""0.5"": 0.12562915106458444, ""1.0"": 0.43283920433922723, ""2.0"": 0.7017160383980674, ""4.0"": 0.8108660961336883}, ""traffic_cone"": {""0.5"": 0.4580617602230038, ""1.0"": 0.7559036558534208, ""2.0"": 0.8200736649589877, ""4.0"": 0.8200736649589877}, ""trailer"": {""0.5"": 0.0, ""1.0"": 0.0, ""2.0"": 0.0, ""4.0"": 0.0}, ""truck"": {""0.5"": 0.2041506113086654, ""1.0"": 0.5314131166925167, ""2.0"": 0.7890505752341662, ""4.0"": 0.8125270942482766}}"
M1-Ramp,6,camera_crash_back_5f,4441,7366,3146,4220,1295,0.7083990092321549,0.4270974748846049,0.6315274979205765,0.23993420971071644,17,3,0.17647058823529413,16,13,0.8125,0.9410331677386409,9.5367431640625e-07,0,0,0,0.5,2,0,"{""barrier"": 0.0, ""bicycle"": 0.32171818682693887, ""bus"": 0.5161967765940412, ""car"": 0.6090811325843729, ""construction_vehicle"": 0.0, ""motorcycle"": 0.40387647438868657, ""pedestrian"": 0.5130718282088047, ""traffic_cone"": 0.6800035953917787, ""trailer"": 0.0, ""truck"": 0.5357732185477614}","{""barrier"": {""0.5"": 0.0, ""1.0"": 0.0, ""2.0"": 0.0, ""4.0"": 0.0}, ""bicycle"": {""0.5"": 0.08964820905602346, ""1.0"": 0.32236230445751657, ""2.0"": 0.4257619796013288, ""4.0"": 0.4491002541928868}, ""bus"": {""0.5"": 0.11123131471933215, ""1.0"": 0.33736719807876625, ""2.0"": 0.7077208739719262, ""4.0"": 0.9084677196061404}, ""car"": {""0.5"": 0.2641827682220258, ""1.0"": 0.5495194342003584, ""2.0"": 0.7647861475917566, ""4.0"": 0.8578361803233508}, ""construction_vehicle"": {""0.5"": 0.0, ""1.0"": 0.0, ""2.0"": 0.0, ""4.0"": 0.0}, ""motorcycle"": {""0.5"": 0.03885156215798904, ""1.0"": 0.2624393451814262, ""2.0"": 0.5949683748527914, ""4.0"": 0.7192466153625395}, ""pedestrian"": {""0.5"": 0.12005354552414693, ""1.0"": 0.4230526893435802, ""2.0"": 0.6988034875618939, ""4.0"": 0.8103775904055979}, ""traffic_cone"": {""0.5"": 0.4830983489044026, ""1.0"": 0.6766287830426484, ""2.0"": 0.7769014288235979, ""4.0"": 0.783385820796466}, ""trailer"": {""0.5"": 0.0, ""1.0"": 0.0, ""2.0"": 0.0, ""4.0"": 0.0}, ""truck"": {""0.5"": 0.12972639337045536, ""1.0"": 0.4691696870774938, ""2.0"": 0.7489575609986769, ""4.0"": 0.7952392327444192}}"
M1-Ramp,6,camera_crash_back_10f,4441,7362,3125,4237,1316,0.7036703445170007,0.4244770442814453,0.6404762211458059,0.23381246646168066,17,3,0.17647058823529413,16,13,0.8125,0.9410331677386409,9.5367431640625e-07,0,0,0,0.0,2,0,"{""barrier"": 0.0, ""bicycle"": 0.31501974328498433, ""bus"": 0.38230356989579173, ""car"": 0.6027061914392413, ""construction_vehicle"": 0.0, ""motorcycle"": 0.40848791693082215, ""pedestrian"": 0.49444900170985623, ""traffic_cone"": 0.698887129395917, ""trailer"": 0.0, ""truck"": 0.5725950225958016}","{""barrier"": {""0.5"": 0.0, ""1.0"": 0.0, ""2.0"": 0.0, ""4.0"": 0.0}, ""bicycle"": {""0.5"": 0.10561034401884513, ""1.0"": 0.31057103889107335, ""2.0"": 0.4126931705227963, ""4.0"": 0.43120441970722256}, ""bus"": {""0.5"": 0.10403901663272802, ""1.0"": 0.2979779871264922, ""2.0"": 0.4739520704750422, ""4.0"": 0.6532452053489046}, ""car"": {""0.5"": 0.2668108115343744, ""1.0"": 0.5363087381371825, ""2.0"": 0.7617238593735004, ""4.0"": 0.8459813567119082}, ""construction_vehicle"": {""0.5"": 0.0, ""1.0"": 0.0, ""2.0"": 0.0, ""4.0"": 0.0}, ""motorcycle"": {""0.5"": 0.045901281661604294, ""1.0"": 0.2468442495245543, ""2.0"": 0.6021392511001122, ""4.0"": 0.7390668854370177}, ""pedestrian"": {""0.5"": 0.10480959123762447, ""1.0"": 0.4041220162599962, ""2.0"": 0.6785880667538906, ""4.0"": 0.7902763325879136}, ""traffic_cone"": {""0.5"": 0.5403616737959618, ""1.0"": 0.6996933945353527, ""2.0"": 0.7777467246261769, ""4.0"": 0.7777467246261769}, ""trailer"": {""0.5"": 0.0, ""1.0"": 0.0, ""2.0"": 0.0, ""4.0"": 0.0}, ""truck"": {""0.5"": 0.17935781270800735, ""1.0"": 0.5538561280046299, ""2.0"": 0.7557783084907526, ""4.0"": 0.8013878411798168}}"
M1-Ramp,6,compound_fog_crash_10f,4441,7362,3050,4312,1391,0.6867822562485927,0.4142895952186906,0.6403970359325603,0.23380375751716828,18,3,0.16666666666666666,16,13,0.8125,0.9389139361969047,9.5367431640625e-07,0,0,0,1.5,2,0,"{""barrier"": 0.0, ""bicycle"": 0.3101980262972448, ""bus"": 0.39591480820253616, ""car"": 0.5889663216221053, ""construction_vehicle"": 0.0, ""motorcycle"": 0.33229137653333385, ""pedestrian"": 0.47914664727911893, ""traffic_cone"": 0.6545916865476319, ""trailer"": 0.0, ""truck"": 0.565168561803214}","{""barrier"": {""0.5"": 0.0, ""1.0"": 0.0, ""2.0"": 0.0, ""4.0"": 0.0}, ""bicycle"": {""0.5"": 0.12380637837740023, ""1.0"": 0.30467156955174346, ""2.0"": 0.3998295559679468, ""4.0"": 0.4124846012918889}, ""bus"": {""0.5"": 0.05809310596639356, ""1.0"": 0.33442113346887997, ""2.0"": 0.5288259061332761, ""4.0"": 0.662319087241595}, ""car"": {""0.5"": 0.2502419217393469, ""1.0"": 0.5188722111527254, ""2.0"": 0.7449421431348839, ""4.0"": 0.8418090104614651}, ""construction_vehicle"": {""0.5"": 0.0, ""1.0"": 0.0, ""2.0"": 0.0, ""4.0"": 0.0}, ""motorcycle"": {""0.5"": 0.03845919169107466, ""1.0"": 0.21556302524695536, ""2.0"": 0.45419046446178774, ""4.0"": 0.6209528247335176}, ""pedestrian"": {""0.5"": 0.09247382428705515, ""1.0"": 0.3765355401159112, ""2.0"": 0.6595724776663827, ""4.0"": 0.7880047470471266}, ""traffic_cone"": {""0.5"": 0.5003089686174058, ""1.0"": 0.6417777726241878, ""2.0"": 0.738140002474467, ""4.0"": 0.738140002474467}, ""trailer"": {""0.5"": 0.0, ""1.0"": 0.0, ""2.0"": 0.0, ""4.0"": 0.0}, ""truck"": {""0.5"": 0.15170672566165214, ""1.0"": 0.5403579139200395, ""2.0"": 0.7653858448479499, ""4.0"": 0.8032237627832145}}"
M1-Ramp,12,clean_no_corruption,4441,7096,3260,3836,1181,0.7340689034001351,0.45941375422773395,0.562084003561622,0.21365153798223557,1,1,1.0,1,0,0.0,0.2638546107962235,2.86102294921875e-06,0,0,0,nan,0,0,"{""barrier"": 0.0, ""bicycle"": 0.21737747113603492, ""bus"": 0.6135665096738727, ""car"": 0.6947023957276321, ""construction_vehicle"": 0.0, ""motorcycle"": 0.5189830015254938, ""pedestrian"": 0.5600143444889255, ""traffic_cone"": 0.6719705263717441, ""trailer"": 0.0, ""truck"": 0.8236931864429105}","{""barrier"": {""0.5"": 0.0, ""1.0"": 0.0, ""2.0"": 0.0, ""4.0"": 0.0}, ""bicycle"": {""0.5"": 0.06528511837914813, ""1.0"": 0.14809860860190735, ""2.0"": 0.32292038259265254, ""4.0"": 0.3332057749704317}, ""bus"": {""0.5"": 0.11956771759436019, ""1.0"": 0.6135049054632703, ""2.0"": 0.7222222222222223, ""4.0"": 0.998971193415638}, ""car"": {""0.5"": 0.4146505612019935, ""1.0"": 0.6505410179422418, ""2.0"": 0.8238870992265995, ""4.0"": 0.889730904539694}, ""construction_vehicle"": {""0.5"": 0.0, ""1.0"": 0.0, ""2.0"": 0.0, ""4.0"": 0.0}, ""motorcycle"": {""0.5"": 0.1591346011185163, ""1.0"": 0.45999768747089187, ""2.0"": 0.6747733136955238, ""4.0"": 0.7820264038170432}, ""pedestrian"": {""0.5"": 0.16259710481228148, ""1.0"": 0.46998245403932937, ""2.0"": 0.7672608097829248, ""4.0"": 0.8402170093211665}, ""traffic_cone"": {""0.5"": 0.4538252275575832, ""1.0"": 0.6945101924943432, ""2.0"": 0.7653075290005973, ""4.0"": 0.7742391564344526}, ""trailer"": {""0.5"": 0.0, ""1.0"": 0.0, ""2.0"": 0.0, ""4.0"": 0.0}, ""truck"": {""0.5"": 0.6700601219530241, ""1.0"": 0.8403007156986195, ""2.0"": 0.8891880152964383, ""4.0"": 0.8952238928235599}}"
M1-Ramp,12,camera_crash_back_5f,4441,7100,3247,3853,1194,0.7311416347669444,0.4573239436619718,0.5671971544954586,0.20740200711173046,115,28,0.24347826086956523,100,74,0.74,0.7813616869737582,3.814697265625e-06,0,0,0,0.0,2,0,"{""barrier"": 0.0, ""bicycle"": 0.15621512066075627, ""bus"": 0.546557610498672, ""car"": 0.6908349077389648, ""construction_vehicle"": 0.0, ""motorcycle"": 0.49347415031914976, ""pedestrian"": 0.550093863842262, ""traffic_cone"": 0.6672919516535657, ""trailer"": 0.0, ""truck"": 0.8216608180970275}","{""barrier"": {""0.5"": 0.0, ""1.0"": 0.0, ""2.0"": 0.0, ""4.0"": 0.0}, ""bicycle"": {""0.5"": 0.04078658664763292, ""1.0"": 0.08360632093004812, ""2.0"": 0.24699247142684844, ""4.0"": 0.2534751036384955}, ""bus"": {""0.5"": 0.12827637700726646, ""1.0"": 0.44747681140165174, ""2.0"": 0.6259533495134051, ""4.0"": 0.9845239040723648}, ""car"": {""0.5"": 0.40742999497107374, ""1.0"": 0.6528079093651162, ""2.0"": 0.8180427530936686, ""4.0"": 0.8850589735260004}, ""construction_vehicle"": {""0.5"": 0.0, ""1.0"": 0.0, ""2.0"": 0.0, ""4.0"": 0.0}, ""motorcycle"": {""0.5"": 0.13905049528425342, ""1.0"": 0.45242535689760516, ""2.0"": 0.6428133182071912, ""4.0"": 0.739607430887549}, ""pedestrian"": {""0.5"": 0.15815647018382759, ""1.0"": 0.456695441228856, ""2.0"": 0.7593091694105878, ""4.0"": 0.8262143745457767}, ""traffic_cone"": {""0.5"": 0.36589091183566835, ""1.0"": 0.7583087693890461, ""2.0"": 0.7724840626947743, ""4.0"": 0.7724840626947743}, ""trailer"": {""0.5"": 0.0, ""1.0"": 0.0, ""2.0"": 0.0, ""4.0"": 0.0}, ""truck"": {""0.5"": 0.6782622498850858, ""1.0"": 0.8477373969341082, ""2.0"": 0.8777935946822947, ""4.0"": 0.8828500308866218}}"
M1-Ramp,12,camera_crash_back_10f,4441,6985,3185,3800,1256,0.717180815131727,0.4559770937723694,0.5684001755439602,0.2158915635783282,159,60,0.37735849056603776,131,81,0.6183206106870229,0.7719445765611834,3.814697265625e-06,0,0,0,1.0,2,0,"{""barrier"": 0.0, ""bicycle"": 0.1388286793991794, ""bus"": 0.4231146328584028, ""car"": 0.6859679854949138, ""construction_vehicle"": 0.0, ""motorcycle"": 0.4629989441125316, ""pedestrian"": 0.5231951415532206, ""traffic_cone"": 0.6712102310329784, ""trailer"": 0.0, ""truck"": 0.8054681578250449}","{""barrier"": {""0.5"": 0.0, ""1.0"": 0.0, ""2.0"": 0.0, ""4.0"": 0.0}, ""bicycle"": {""0.5"": 0.028988452295303797, ""1.0"": 0.05937898455180765, ""2.0"": 0.2303781981169014, ""4.0"": 0.23656908263270468}, ""bus"": {""0.5"": 0.08222958400770577, ""1.0"": 0.37903078581642685, ""2.0"": 0.4460189063577474, ""4.0"": 0.7851792552517313}, ""car"": {""0.5"": 0.40601081380434234, ""1.0"": 0.6422249320083493, ""2.0"": 0.814580761281885, ""4.0"": 0.8810554348850785}, ""construction_vehicle"": {""0.5"": 0.0, ""1.0"": 0.0, ""2.0"": 0.0, ""4.0"": 0.0}, ""motorcycle"": {""0.5"": 0.11754413590980298, ""1.0"": 0.4095271118497958, ""2.0"": 0.6200314923211837, ""4.0"": 0.7048930363693439}, ""pedestrian"": {""0.5"": 0.15055093737755662, ""1.0"": 0.4202855151606494, ""2.0"": 0.7183817150168622, ""4.0"": 0.8035623986578142}, ""traffic_cone"": {""0.5"": 0.5064394704347533, ""1.0"": 0.7170478582333836, ""2.0"": 0.7306767977318883, ""4.0"": 0.7306767977318883}, ""trailer"": {""0.5"": 0.0, ""1.0"": 0.0, ""2.0"": 0.0, ""4.0"": 0.0}, ""truck"": {""0.5"": 0.6665926280317251, ""1.0"": 0.8349835701532009, ""2.0"": 0.8582623302228168, ""4.0"": 0.8620341028924368}}"
M1-Ramp,12,compound_fog_crash_10f,4441,7007,3125,3882,1316,0.7036703445170007,0.4459825888397317,0.5791247030775064,0.21697788047087835,201,101,0.5024875621890548,173,80,0.4624277456647399,0.6629060121667069,2.86102294921875e-06,0,0,0,0.0,2,0,"{""barrier"": 0.0, ""bicycle"": 0.13123271077953977, ""bus"": 0.4105996380264805, ""car"": 0.676500791608558, ""construction_vehicle"": 0.0, ""motorcycle"": 0.3755631467553411, ""pedestrian"": 0.5086913155696421, ""traffic_cone"": 0.6034130671777695, ""trailer"": 0.0, ""truck"": 0.7853949510527745}","{""barrier"": {""0.5"": 0.0, ""1.0"": 0.0, ""2.0"": 0.0, ""4.0"": 0.0}, ""bicycle"": {""0.5"": 0.022520402379929003, ""1.0"": 0.050775327143126686, ""2.0"": 0.22245531857425585, ""4.0"": 0.22917979502084748}, ""bus"": {""0.5"": 0.05882657355576173, ""1.0"": 0.35432706675912734, ""2.0"": 0.4440656565393015, ""4.0"": 0.7851792552517313}, ""car"": {""0.5"": 0.38695720900652286, ""1.0"": 0.626535641094976, ""2.0"": 0.8137705445883419, ""4.0"": 0.8787397717443914}, ""construction_vehicle"": {""0.5"": 0.0, ""1.0"": 0.0, ""2.0"": 0.0, ""4.0"": 0.0}, ""motorcycle"": {""0.5"": 0.1000919943165882, ""1.0"": 0.32914327908618085, ""2.0"": 0.4640840335846213, ""4.0"": 0.6089332800339741}, ""pedestrian"": {""0.5"": 0.11233937732184357, ""1.0"": 0.41636866822264534, ""2.0"": 0.7006289193949141, ""4.0"": 0.8054282973391653}, ""traffic_cone"": {""0.5"": 0.46232151260430887, ""1.0"": 0.5506181025674848, ""2.0"": 0.6928821463177193, ""4.0"": 0.7078305072215649}, ""trailer"": {""0.5"": 0.0, ""1.0"": 0.0, ""2.0"": 0.0, ""4.0"": 0.0}, ""truck"": {""0.5"": 0.6228140736173335, ""1.0"": 0.8098189937954882, ""2.0"": 0.8476765583083689, ""4.0"": 0.8612701784899074}}"
