effective_propagated_queries,frame_idx,high_to_low_score_scale,keep_to_defer,keep_to_recover,negative_ratio_mean,phase,positive_ratio_mean,protocol,strength_mean,variant
0,0,134,134,0,0.7199237726181471,clean,0.7199237738060824,clean,1.1113762460814582,n1_zero_shot
0,0,124,124,0,0.7604220538348426,clean,0.6938682929372609,clean,1.1434675614039103,n1_debug50
256,1,318,318,0,0.5783855456132789,clean,0.5783855464806099,clean,1.1823086584938898,n1_zero_shot
256,1,302,302,0,0.6113822344977349,clean,0.5568561083505247,clean,1.2158063051435684,n1_debug50
248,2,250,250,0,0.5807288143693724,clean,0.5796241763618181,clean,1.1860521467526755,n1_zero_shot
249,2,229,229,0,0.6153696229801687,clean,0.5592368696128525,clean,1.2281638161341348,n1_debug50
251,3,241,241,0,0.5989739596784369,clean,0.5981092470534216,clean,1.2141206441985237,n1_zero_shot
251,3,225,225,0,0.6322455429253978,clean,0.578257620325525,clean,1.2537689910994636,n1_debug50
253,4,248,248,0,0.5961682171311665,clean,0.6007530728235362,clean,1.2467300905121697,n1_zero_shot
254,4,234,234,0,0.6261490162597614,clean,0.5776662903562524,clean,1.2865063926908704,n1_debug50
250,5,272,272,0,0.5957720782271109,clean,0.6055850353753877,clean,1.2658387062284682,n1_zero_shot
252,5,257,257,0,0.6274125643575682,clean,0.5821037792351055,clean,1.3082163055737814,n1_debug50
251,6,247,247,0,0.6035203785193028,clean,0.6104995200602773,clean,1.2858620807859633,n1_zero_shot
252,6,226,226,0,0.6386404204806622,clean,0.5886685731648917,clean,1.3308684823248123,n1_debug50
253,7,248,248,0,0.6155859332773601,clean,0.6113165999947976,clean,1.3008244212468465,n1_zero_shot
254,7,233,233,0,0.6444873716558256,clean,0.5889259482198613,clean,1.3398018683327568,n1_debug50
252,8,255,255,0,0.5994927078307105,clean,0.5978224538496133,clean,1.284213931295607,n1_zero_shot
253,8,244,244,0,0.6340272524915898,clean,0.5772031471885032,clean,1.3239900477727253,n1_debug50
254,9,251,251,0,0.5919314882199753,clean,0.5831991729093562,clean,1.2339643825425042,n1_zero_shot
254,9,243,243,0,0.61962550387217,clean,0.5617540278561519,clean,1.2655680100123088,n1_debug50
253,10,247,247,0,0.5917262986206555,clean,0.6044616562791025,clean,1.237821668518914,n1_zero_shot
253,10,243,243,0,0.6238171239055632,clean,0.5811313990303587,clean,1.2646695584721035,n1_debug50
253,11,245,245,0,0.5986742660574245,clean,0.6167231918117488,clean,1.2589697170257568,n1_zero_shot
252,11,238,238,0,0.6330961790762746,clean,0.5979902534217507,clean,1.2938563868734572,n1_debug50
249,12,273,273,0,0.5857918668172011,clean,0.6058667749282787,clean,1.2530164037810432,n1_zero_shot
251,12,259,259,0,0.6197315980783545,clean,0.5851129704923091,clean,1.2935057504971823,n1_debug50
255,13,258,258,0,0.5959114322839729,clean,0.6019176558280731,clean,1.2737959869702657,n1_zero_shot
255,13,249,249,0,0.6276541068179355,clean,0.5830778774350311,clean,1.3100306333435907,n1_debug50
247,14,282,282,0,0.5702043284745084,clean,0.5921000123537609,clean,1.2715628242492676,n1_zero_shot
248,14,264,264,0,0.6056305470420352,clean,0.5720212992618372,clean,1.3142934348848132,n1_debug50
254,15,271,271,0,0.5757977088845355,clean,0.5974923412647246,clean,1.298244026766883,n1_zero_shot
253,15,254,254,0,0.6088385732086992,clean,0.5780599559566889,clean,1.3367699355549283,n1_debug50
249,16,249,249,0,0.5665485437027624,clean,0.5953309027795154,clean,1.2865911324818928,n1_zero_shot
249,16,232,232,0,0.6010360354586849,clean,0.5749836186768938,clean,1.3287814495298598,n1_debug50
252,17,272,272,0,0.5635302427779264,clean,0.5959231575955916,clean,1.275563226275974,n1_zero_shot
252,17,259,259,0,0.5979615676621794,clean,0.5754892821224364,clean,1.3194093216790093,n1_debug50
249,18,274,274,0,0.5682185033121057,clean,0.5908563600392249,clean,1.273408868047926,n1_zero_shot
249,18,257,257,0,0.6045673700645252,clean,0.5679070718971317,clean,1.3199767486254375,n1_debug50
250,19,280,280,0,0.5646131650251036,clean,0.58212073701328,clean,1.2601421189308166,n1_zero_shot
249,19,270,270,0,0.5965559482470657,clean,0.5619163376192571,clean,1.2999880430433486,n1_debug50
249,20,265,265,0,0.5668387526392538,clean,0.584952669724562,clean,1.2488318241967096,n1_zero_shot
247,20,252,252,0,0.5997833923509398,clean,0.5649579812613771,clean,1.287415899435679,n1_debug50
250,21,292,292,0,0.5757063785252426,clean,0.5872491676374444,clean,1.2452869812647502,n1_zero_shot
248,21,276,276,0,0.6091560662010383,clean,0.5672270717087121,clean,1.2854240894317628,n1_debug50
249,22,285,285,0,0.5783848057268307,clean,0.596723248333397,clean,1.2462791336907282,n1_zero_shot
249,22,275,275,0,0.6119934805833281,clean,0.5741134484619277,clean,1.2858895863427056,n1_debug50
250,23,293,293,0,0.5738975869651957,clean,0.5982141676317869,clean,1.2386277720663283,n1_zero_shot
250,23,284,284,0,0.6071646402770405,clean,0.5771238880981545,clean,1.285849266052246,n1_debug50
248,24,295,295,0,0.5706779869333745,clean,0.5987737616121503,clean,1.2317207800017462,n1_zero_shot
248,24,290,290,0,0.6039889226577866,clean,0.5802573722633939,clean,1.275302179919349,n1_debug50
250,25,290,290,0,0.5602084633254084,clean,0.5922690001852116,clean,1.2075999763276841,n1_zero_shot
249,25,282,282,0,0.5941752326845884,clean,0.5726048475474645,clean,1.239564879735311,n1_debug50
245,26,291,291,0,0.5687961925064546,clean,0.6065237414093074,clean,1.2120866595374213,n1_zero_shot
245,26,284,284,0,0.6005668019892786,clean,0.5820544939178979,clean,1.246054733859168,n1_debug50
248,27,297,297,0,0.5656539759855014,clean,0.590180393669059,clean,1.2060409122043185,n1_zero_shot
247,27,286,286,0,0.5977964632402306,clean,0.5651511009668078,clean,1.2467832024892171,n1_debug50
243,28,284,284,0,0.5606821335642939,clean,0.5972451333771893,clean,1.1781601701842415,n1_zero_shot
244,28,276,276,0,0.5950368987576101,clean,0.5760567869811765,clean,1.222049244509803,n1_debug50
248,29,307,307,0,0.5608593917272625,clean,0.5814404175331322,clean,1.1872857891188728,n1_zero_shot
244,29,297,297,0,0.5957956612024619,clean,0.5641125386499707,clean,1.2235375724898445,n1_debug50
241,30,290,290,0,0.5671421862791259,clean,0.591035321595466,clean,1.1747117137908936,n1_zero_shot
242,30,284,284,0,0.6014122162787672,clean,0.5700682993943779,clean,1.21899415757921,n1_debug50
242,31,304,304,0,0.5792308833602595,clean,0.5909482468619794,clean,1.2020347719722324,n1_zero_shot
239,31,290,290,0,0.6161494588323606,clean,0.5742199792718917,clean,1.243199365403917,n1_debug50
235,32,265,265,0,0.5891944044708232,clean,0.6161921365878998,clean,1.1896703924073113,n1_zero_shot
236,32,254,254,0,0.6239635597354545,clean,0.5943911183536832,clean,1.231802246040768,n1_debug50
241,33,277,277,0,0.5846201827020782,clean,0.6060751769413868,clean,1.2116394236352708,n1_zero_shot
241,33,270,270,0,0.6177598327265034,clean,0.5808056796271235,clean,1.24968621412913,n1_debug50
244,34,290,290,0,0.5930031515726972,clean,0.6155331611892071,clean,1.2259643366601731,n1_zero_shot
247,34,273,273,0,0.6306355557839237,clean,0.5927663162633975,clean,1.2727504144774542,n1_debug50
242,35,292,292,0,0.5747864378434886,clean,0.5951714116878285,clean,1.2180996055073208,n1_zero_shot
244,35,277,277,0,0.6146114424155933,clean,0.5751939353681328,clean,1.2674072761005826,n1_debug50
250,36,269,269,0,0.5775850539702297,clean,0.5904373630135288,clean,1.2324146551556057,n1_zero_shot
251,36,251,251,0,0.6171859507554807,clean,0.569694081470257,clean,1.282701196140713,n1_debug50
245,37,252,252,0,0.5834680466301586,clean,0.6022022647627832,clean,1.2361883690622117,n1_zero_shot
245,37,233,233,0,0.6165595190576806,clean,0.576800163420934,clean,1.2754087742169697,n1_debug50
248,38,275,275,0,0.5778924157572888,clean,0.6030800850335681,clean,1.2339604128731623,n1_zero_shot
248,38,264,264,0,0.6177270805350792,clean,0.5810541460291709,clean,1.27571559270223,n1_debug50
245,39,279,279,0,0.5889977294239161,clean,0.6090027209303968,clean,1.2434524075190225,n1_zero_shot
246,39,266,266,0,0.6242684767473134,clean,0.5776481833367128,clean,1.283761321173774,n1_debug50
0,0,121,121,0,0.7190384747432502,clean,0.7190384736048415,clean,1.0921917629241944,n1_zero_shot
0,0,116,116,0,0.7633406651132307,clean,0.6911489233913347,clean,1.12495338095559,n1_debug50
256,1,312,312,0,0.5786968919457132,clean,0.5786968920730388,clean,1.1730053199662103,n1_zero_shot
256,1,298,298,0,0.6139301756970424,clean,0.5562987104263556,clean,1.205907154613071,n1_debug50
214,2,277,277,0,0.5879589962687141,clean,0.6018046917473545,clean,1.165447833273146,n1_zero_shot
214,2,263,263,0,0.6225920884251103,clean,0.5772388981363067,clean,1.1993317362997267,n1_debug50
224,3,246,246,0,0.5788492557309762,clean,0.6003777632592395,clean,1.1822170763545565,n1_zero_shot
228,3,235,235,0,0.6161052864535819,clean,0.5768587326894077,clean,1.2252618538008795,n1_debug50
229,4,243,243,0,0.5935912891037752,clean,0.591008769928785,clean,1.2266430073314243,n1_zero_shot
231,4,234,234,0,0.6261216379679851,clean,0.5714849136535416,clean,1.2642113235261705,n1_debug50
240,5,241,241,0,0.6047038437549579,clean,0.6099591480280919,clean,1.280313798851437,n1_zero_shot
243,5,235,235,0,0.6406368630637838,clean,0.5811503313146489,clean,1.3257768768734401,n1_debug50
246,6,243,243,0,0.616596995762497,clean,0.6174622688360148,clean,1.3044084305233425,n1_zero_shot
245,6,234,234,0,0.6597252696470657,clean,0.6017918293596894,clean,1.349806654188368,n1_debug50
244,7,244,244,0,0.6112768969325947,clean,0.6044234445710331,clean,1.3063367282019722,n1_zero_shot
247,7,227,227,0,0.6444656868225302,clean,0.5777902389893717,clean,1.3536360422770182,n1_debug50
244,8,239,239,0,0.5885307185838834,clean,0.5909157631594291,clean,1.293841263188256,n1_zero_shot
248,8,224,224,0,0.6227568153344573,clean,0.5678121818214997,clean,1.3462190336651272,n1_debug50
245,9,273,273,0,0.6006056933026894,clean,0.6036579362697505,clean,1.2966898131370543,n1_zero_shot
247,9,267,267,0,0.6362383924912097,clean,0.5773420817115776,clean,1.345103128751119,n1_debug50
245,10,276,276,0,0.610330744779222,clean,0.6343145685713398,clean,1.322689442369673,n1_zero_shot
246,10,261,261,0,0.6494775715301214,clean,0.6095885718549773,clean,1.3703462629848056,n1_debug50
246,11,249,249,0,0.5968209731776776,clean,0.6092299651510134,clean,1.3155162292056612,n1_zero_shot
248,11,219,219,0,0.6306520994340604,clean,0.582537394929149,clean,1.361433635022905,n1_debug50
246,12,278,278,0,0.5895287200536729,clean,0.5967555675827713,clean,1.3120799729559156,n1_zero_shot
248,12,249,249,0,0.6228462726959767,clean,0.5748790164690784,clean,1.3653863374392192,n1_debug50
250,13,255,255,1,0.6017077412020952,clean,0.6061840150852359,clean,1.3141379933887058,n1_zero_shot
253,13,229,229,2,0.633543026273092,clean,0.5808528491059869,clean,1.3701949977874757,n1_debug50
248,14,227,227,0,0.6091683045795748,clean,0.6155315478081359,clean,1.3210549349255032,n1_zero_shot
247,14,213,213,0,0.640986941375733,clean,0.5885035017377291,clean,1.3702005338668823,n1_debug50
250,15,242,242,0,0.598556959225848,clean,0.5923070785317329,clean,1.299399200545417,n1_zero_shot
251,15,227,227,0,0.6360958172537081,clean,0.5729638358852265,clean,1.3518318475617304,n1_debug50
249,16,248,248,1,0.6025662878683504,clean,0.5929047401884322,clean,1.3199806388219197,n1_zero_shot
251,16,239,239,0,0.6339544756410813,clean,0.5719809623327852,clean,1.364495873981052,n1_debug50
249,17,225,225,0,0.5972474088850429,clean,0.5924124037556638,clean,1.3262967528237237,n1_zero_shot
249,17,208,208,0,0.6326485820026191,clean,0.5747409175126637,clean,1.3739021711879307,n1_debug50
250,18,207,207,0,0.6085437675874363,clean,0.604901091690477,clean,1.3680003134409586,n1_zero_shot
251,18,185,185,0,0.6466050012509602,clean,0.5834988079959939,clean,1.4194338274002076,n1_debug50
251,19,193,193,0,0.597818382457171,clean,0.6002518976242899,clean,1.3657283006774055,n1_zero_shot
253,19,182,182,0,0.6317758704338321,clean,0.5792769489808164,clean,1.4165508066283332,n1_debug50
252,20,208,208,0,0.5857487342548492,clean,0.6000774505465825,clean,1.369194326400757,n1_zero_shot
253,20,182,182,0,0.6220497012674954,clean,0.5821029358093857,clean,1.4257332682609558,n1_debug50
251,21,207,207,1,0.5855331788192323,clean,0.5970122864164459,clean,1.3714810983339945,n1_zero_shot
251,21,199,199,1,0.617655256808085,clean,0.5778760416429757,clean,1.4174765051735772,n1_debug50
253,22,220,220,0,0.5856139345704724,clean,0.5965700573895139,clean,1.3935181991259258,n1_zero_shot
255,22,220,220,0,0.6173121253855841,clean,0.5750467531553237,clean,1.4258042311668395,n1_debug50
251,23,220,220,0,0.5852833211173207,clean,0.6022963340639318,clean,1.3736450544993082,n1_zero_shot
251,23,216,216,0,0.6191113174701545,clean,0.5809049933268858,clean,1.4094470569822524,n1_debug50
249,24,210,210,0,0.5901973551161155,clean,0.6083531060536417,clean,1.3757177164819505,n1_zero_shot
250,24,205,205,0,0.6257064830210329,clean,0.5840021294393252,clean,1.4126047627131144,n1_debug50
254,25,191,191,0,0.589199860435615,clean,0.5996049570636233,clean,1.379367643462287,n1_zero_shot
253,25,189,189,0,0.6247589866484982,clean,0.580016443984521,clean,1.4189912184079487,n1_debug50
253,26,202,202,0,0.582947857917482,clean,0.6070864714977094,clean,1.3880052672492134,n1_zero_shot
253,26,193,193,0,0.6200559807879754,clean,0.583957696058203,clean,1.432022897137536,n1_debug50
253,27,199,199,0,0.590828792805487,clean,0.6074037879184014,clean,1.3984850494066874,n1_zero_shot
253,27,190,190,0,0.6267281937351628,clean,0.5870185716890067,clean,1.4433670319451226,n1_debug50
253,28,204,204,0,0.5823531354598355,clean,0.6016504607889311,clean,1.3858482411172655,n1_zero_shot
255,28,205,205,0,0.6196613249808438,clean,0.5765878493529042,clean,1.4273802344004314,n1_debug50
251,29,211,211,0,0.5894222746658851,clean,0.6073378593193287,clean,1.3906939249568515,n1_zero_shot
251,29,205,205,0,0.6307757314196356,clean,0.5821366623396387,clean,1.4402849062283833,n1_debug50
245,30,239,239,0,0.5930162558227006,clean,0.6069494817670361,clean,1.411426821814643,n1_zero_shot
247,30,224,224,0,0.6322682705163291,clean,0.5801491064526711,clean,1.4595393101374308,n1_debug50
247,31,215,215,0,0.5912157483930058,clean,0.6038823345203288,clean,1.4062887676556906,n1_zero_shot
247,31,204,204,0,0.630137291289533,clean,0.5804783623518288,clean,1.4538352847099305,n1_debug50
242,32,225,225,0,0.5955459060988766,clean,0.6207632505789291,clean,1.4131586501333449,n1_zero_shot
243,32,216,216,0,0.6315217097235156,clean,0.5950147318382241,clean,1.4532856723997327,n1_debug50
242,33,216,216,0,0.6009921861336311,clean,0.6218977739203801,clean,1.4029805286725363,n1_zero_shot
242,33,209,209,0,0.6362319615507247,clean,0.5954637122526958,clean,1.4395786619186401,n1_debug50
238,34,247,247,0,0.6109601356047475,clean,0.6353680781361245,clean,1.381853122446272,n1_zero_shot
240,34,233,233,0,0.6466994110707279,clean,0.6040635377372837,clean,1.4257988288667467,n1_debug50
237,35,248,248,0,0.6237453599457117,clean,0.6501440574293285,clean,1.3897426772117614,n1_zero_shot
237,35,227,227,0,0.6593530623768749,clean,0.6217171671728389,clean,1.4263201122813756,n1_debug50
242,36,226,226,0,0.630415641479853,clean,0.6400689305772895,clean,1.4067379760742187,n1_zero_shot
245,36,207,207,0,0.6648669236303648,clean,0.6105559784904632,clean,1.4505092244678073,n1_debug50
241,37,236,236,0,0.625190127116405,clean,0.6518694125397144,clean,1.4160585671001011,n1_zero_shot
245,37,224,224,0,0.6663851849143457,clean,0.6159600748324194,clean,1.4634039054976569,n1_debug50
246,38,206,206,1,0.6475761511056236,clean,0.6602719997898976,clean,1.4834488264719645,n1_zero_shot
248,38,189,189,1,0.6798748514864453,clean,0.6298042355346206,clean,1.5259960601064895,n1_debug50
251,39,209,209,0,0.654777724790052,clean,0.6682210673573749,clean,1.5283590751224094,n1_zero_shot
253,39,198,198,0,0.6848781694274321,clean,0.6406944369967177,clean,1.5594686651229859,n1_debug50
254,40,232,232,0,0.6541072077479152,clean,0.6512337172628431,clean,1.5302202084329393,n1_zero_shot
252,40,222,222,0,0.6901182672592353,clean,0.6292197803278483,clean,1.5692668957180447,n1_debug50
0,0,134,134,0,0.7199237726181471,pre_fault,0.7199237738060824,crash_5f,1.1113762460814582,n1_zero_shot
0,0,124,124,0,0.7604220538348426,pre_fault,0.6938682929372609,crash_5f,1.1434675614039103,n1_debug50
256,1,318,318,0,0.5783855456132789,pre_fault,0.5783855464806099,crash_5f,1.1823086584938898,n1_zero_shot
256,1,302,302,0,0.6113822344977349,pre_fault,0.5568561083505247,crash_5f,1.2158063051435684,n1_debug50
248,2,250,250,0,0.5807288143693724,pre_fault,0.5796241763618181,crash_5f,1.1860521467526755,n1_zero_shot
249,2,229,229,0,0.6153696229801687,pre_fault,0.5592368696128525,crash_5f,1.2281638161341348,n1_debug50
251,3,195,195,5,0.6747229472145434,fault,0.6760281613800201,crash_5f,0.9925654398070441,n1_zero_shot
251,3,184,184,5,0.6974431089727957,fault,0.6613655763942425,crash_5f,1.023744817574819,n1_debug50
251,4,177,177,4,0.6614710027759091,fault,0.6617759418760286,crash_5f,1.049431692759196,n1_zero_shot
252,4,166,166,4,0.6845533607432229,fault,0.6442193772563415,crash_5f,1.0831578363312615,n1_debug50
250,5,190,190,3,0.6653446982754846,fault,0.6622076555782691,crash_5f,1.0800651359558104,n1_zero_shot
253,5,179,179,3,0.6928313800804834,fault,0.6483341265857134,crash_5f,1.1170046583811442,n1_debug50
251,6,169,169,4,0.6747420586946242,fault,0.6686212804593198,crash_5f,1.0921656828456454,n1_zero_shot
250,6,157,157,6,0.6987369268141529,fault,0.6506563612585705,crash_5f,1.1208588955137464,n1_debug50
252,7,195,195,8,0.6803518109586292,fault,0.6785196737606106,crash_5f,1.1083199818929037,n1_zero_shot
253,7,182,182,6,0.7042185323633949,fault,0.6597116739843918,crash_5f,1.1385899737146166,n1_debug50
249,8,232,232,0,0.6040872419318157,recovery,0.6143005966010799,crash_5f,1.3296115424897936,n1_zero_shot
249,8,221,221,0,0.6366223786506775,recovery,0.5906897305998838,crash_5f,1.3690407225820753,n1_debug50
255,9,245,245,0,0.5943631174423419,recovery,0.5988994790576682,crash_5f,1.2625660051239862,n1_zero_shot
255,9,233,233,0,0.6276589228115971,recovery,0.5763173866379347,crash_5f,1.2952121578322517,n1_debug50
252,10,249,249,0,0.5937944401114466,recovery,0.6059518150427364,crash_5f,1.2562132951948377,n1_zero_shot
251,10,234,234,0,0.6259814157888417,recovery,0.5842512466109222,crash_5f,1.2880905066596138,n1_debug50
253,11,242,242,0,0.6012764993477375,recovery,0.6164701023491093,crash_5f,1.277547387017144,n1_zero_shot
254,11,229,229,0,0.6313675754830473,recovery,0.5858924948416236,crash_5f,1.3094342494010924,n1_debug50
250,12,276,276,0,0.601640935111849,recovery,0.6108234804780887,crash_5f,1.2723053987820943,n1_zero_shot
250,12,258,258,0,0.6364639749812523,recovery,0.588396263035533,crash_5f,1.3105893895361158,n1_debug50
253,13,255,255,0,0.5995454330239915,recovery,0.6046013522946773,crash_5f,1.2851551257239449,n1_zero_shot
254,13,245,245,0,0.6341971468027099,recovery,0.5822168448863273,crash_5f,1.3214089136653477,n1_debug50
248,14,285,285,0,0.5767011318715792,recovery,0.5913112862584223,crash_5f,1.2869119580586752,n1_zero_shot
248,14,263,263,0,0.6120787716856535,recovery,0.5705741449052899,crash_5f,1.327330317762163,n1_debug50
253,15,263,263,0,0.5797732332909424,recovery,0.5975480940678155,crash_5f,1.3119382781452602,n1_zero_shot
253,15,253,253,0,0.6131338241865306,recovery,0.5772978118387472,crash_5f,1.3497477242681715,n1_debug50
250,16,239,239,0,0.5699602668551412,recovery,0.597707390506025,crash_5f,1.3096092756589253,n1_zero_shot
249,16,233,233,0,0.6022247884559945,recovery,0.577178874406251,crash_5f,1.3450860007603964,n1_debug50
253,17,269,269,0,0.5698709830760628,recovery,0.5980277428532917,crash_5f,1.2986096387439303,n1_zero_shot
254,17,254,254,0,0.6006112823265042,recovery,0.5760567369562656,crash_5f,1.3364947311083475,n1_debug50
249,18,270,270,0,0.5710047442799954,recovery,0.5938330285454908,crash_5f,1.2892602671517266,n1_zero_shot
249,18,255,255,0,0.6022889411580519,recovery,0.5715754570259853,crash_5f,1.3305988264083863,n1_debug50
249,19,272,272,0,0.5624754899565705,recovery,0.5844299370750587,crash_5f,1.2689528626865811,n1_zero_shot
251,19,266,266,0,0.5962663561931928,recovery,0.5650474166741989,crash_5f,1.3094861019982231,n1_debug50
249,20,260,260,0,0.5690770691805939,recovery,0.5889068909962268,crash_5f,1.2697995413674248,n1_zero_shot
249,20,251,251,0,0.5996022591472466,recovery,0.5675447237146931,crash_5f,1.3038491071595086,n1_debug50
248,21,286,286,0,0.5741429614825271,recovery,0.5869069882207418,crash_5f,1.2603150765101114,n1_zero_shot
250,21,273,273,0,0.6045486590156858,recovery,0.5678757389500797,crash_5f,1.2968177620569865,n1_debug50
250,22,285,285,0,0.574804323825093,recovery,0.5949316982804207,crash_5f,1.2549648674329121,n1_zero_shot
249,22,278,278,0,0.6050374979882369,recovery,0.574394965612193,crash_5f,1.2864199097951252,n1_debug50
249,23,294,294,0,0.5729356566731388,recovery,0.6029846523957235,crash_5f,1.2394503773583305,n1_zero_shot
252,23,285,285,0,0.6029780168090264,recovery,0.5773053347906371,crash_5f,1.2824055075645446,n1_debug50
250,24,292,292,0,0.5708530962524105,recovery,0.5997507019016336,crash_5f,1.2393892526626586,n1_zero_shot
248,24,288,288,0,0.602581205796365,recovery,0.5831908762597386,crash_5f,1.2713700111707051,n1_debug50
246,25,289,289,0,0.5611328958569854,recovery,0.594477686318739,crash_5f,1.2060829178492227,n1_zero_shot
249,25,282,282,0,0.5926902803148971,recovery,0.571060811643192,crash_5f,1.2428611010975308,n1_debug50
247,26,291,291,0,0.5696140133633398,recovery,0.5948957290652799,crash_5f,1.217048663298289,n1_zero_shot
244,26,285,285,0,0.6034234600904256,recovery,0.5790918360893582,crash_5f,1.2459409726990593,n1_debug50
244,27,286,286,0,0.5715286025205314,recovery,0.5956525324308714,crash_5f,1.2220049818356833,n1_zero_shot
247,27,282,282,0,0.6009077749366982,recovery,0.5663179208482497,crash_5f,1.2452857703632778,n1_debug50
246,28,287,287,0,0.5630466598994264,recovery,0.5905638667966467,crash_5f,1.1831439847416347,n1_zero_shot
244,28,280,280,0,0.5950445659332685,recovery,0.5733903202050474,crash_5f,1.2115647506713867,n1_debug50
243,29,306,306,0,0.5715942864804776,recovery,0.5907628648595391,crash_5f,1.1977710988786485,n1_zero_shot
244,29,296,296,0,0.5991279820286819,recovery,0.5628833316890829,crash_5f,1.2227882446183098,n1_debug50
243,30,294,294,0,0.5683863616328014,recovery,0.5873103929987922,crash_5f,1.1800638079643249,n1_zero_shot
241,30,280,280,0,0.6041545383651273,recovery,0.5681578049671038,crash_5f,1.219264059861501,n1_debug50
234,31,305,305,0,0.582407007526341,recovery,0.5995834490430818,crash_5f,1.2034171896510655,n1_zero_shot
239,31,288,288,0,0.6173616250734393,recovery,0.5723294493643863,crash_5f,1.2522783080736797,n1_debug50
235,32,266,266,0,0.5843175400068435,recovery,0.6082886630982501,crash_5f,1.18665309826533,n1_zero_shot
237,32,250,250,0,0.619529999122442,recovery,0.5878230969655767,crash_5f,1.237005223168267,n1_debug50
238,33,281,281,0,0.5847571270309914,recovery,0.5968821354178172,crash_5f,1.2086931048499214,n1_zero_shot
242,33,269,269,0,0.6166735663354934,recovery,0.5756281717753864,crash_5f,1.2537062215805053,n1_debug50
246,34,282,282,0,0.5979068937788068,recovery,0.6082296442738757,crash_5f,1.2304858838187325,n1_zero_shot
247,34,270,270,0,0.6279390824213694,recovery,0.5890025525632707,crash_5f,1.277320855723487,n1_debug50
242,35,292,292,0,0.5825395715713511,recovery,0.5919720620120044,crash_5f,1.2237396823035347,n1_zero_shot
245,35,280,280,0,0.610102057374022,recovery,0.5761447357889645,crash_5f,1.2672235888904995,n1_debug50
251,36,272,272,0,0.5828944014646706,recovery,0.5820513821903115,crash_5f,1.2368226173188952,n1_zero_shot
251,36,255,255,0,0.6133561971168248,recovery,0.5653683034031926,crash_5f,1.2818705534934998,n1_debug50
244,37,252,252,0,0.5832837382288775,recovery,0.5943180467300181,crash_5f,1.2294605988926357,n1_zero_shot
247,37,239,239,0,0.6148638429415909,recovery,0.5739280860694607,crash_5f,1.2731870537334018,n1_debug50
249,38,276,276,0,0.5809306671975709,recovery,0.6017621629518842,crash_5f,1.2318736068407694,n1_zero_shot
250,38,264,264,0,0.6147359231453396,recovery,0.5809449330569781,crash_5f,1.273868128988478,n1_debug50
244,39,279,279,0,0.5856710173941747,recovery,0.6043555507846307,crash_5f,1.2340831004248725,n1_zero_shot
245,39,266,266,0,0.6226680566630272,recovery,0.5783443096978319,crash_5f,1.2808454394340516,n1_debug50
0,0,121,121,0,0.7190384747432502,pre_fault,0.7190384736048415,crash_5f,1.0921917629241944,n1_zero_shot
0,0,116,116,0,0.7633406651132307,pre_fault,0.6911489233913347,crash_5f,1.12495338095559,n1_debug50
256,1,312,312,0,0.5786968919457132,pre_fault,0.5786968920730388,crash_5f,1.1730053199662103,n1_zero_shot
256,1,298,298,0,0.6139301756970424,pre_fault,0.5562987104263556,crash_5f,1.205907154613071,n1_debug50
214,2,277,277,0,0.5879589962687141,pre_fault,0.6018046917473545,crash_5f,1.165447833273146,n1_zero_shot
214,2,263,263,0,0.6225920884251103,pre_fault,0.5772388981363067,crash_5f,1.1993317362997267,n1_debug50
224,3,180,180,18,0.6622190898645846,fault,0.6746184854330013,crash_5f,0.9313669994142321,n1_zero_shot
228,3,173,173,15,0.6943411359088907,fault,0.6632303489573097,crash_5f,0.9652821286519369,n1_debug50
208,4,188,188,16,0.6847955277940616,fault,0.6901759098667738,crash_5f,0.941533563931783,n1_zero_shot
208,4,174,174,20,0.7075981386691766,fault,0.6753551850323729,crash_5f,0.9708387886153327,n1_debug50
213,5,192,192,12,0.6556966145557991,fault,0.6612799724218831,crash_5f,0.977901484436459,n1_zero_shot
211,5,194,194,10,0.6802747256483707,fault,0.6443124812436692,crash_5f,1.0042931691805521,n1_debug50
222,6,192,192,13,0.6587632365359543,fault,0.6613662813460811,crash_5f,1.0070189123683506,n1_zero_shot
223,6,186,186,13,0.6799928889974493,fault,0.6431279301920452,crash_5f,1.0402125181092157,n1_debug50
234,7,208,208,1,0.6536221377917187,fault,0.6530576212081468,crash_5f,1.0364619657728407,n1_zero_shot
236,7,197,197,1,0.6805426335167045,fault,0.6372176245270131,crash_5f,1.0736954871813456,n1_debug50
224,8,242,242,0,0.5924159898790397,recovery,0.6190130474009051,crash_5f,1.2769545563062032,n1_zero_shot
225,8,223,223,0,0.6279121527519211,recovery,0.5943305776409318,crash_5f,1.3232660823398166,n1_debug50
247,9,283,283,0,0.5999373994445134,recovery,0.6239395499223295,crash_5f,1.2884363600942823,n1_zero_shot
249,9,271,271,0,0.6377098757429076,recovery,0.5979769748216067,crash_5f,1.3382894195450676,n1_debug50
239,10,278,278,0,0.6029398246346803,recovery,0.6367662234786057,crash_5f,1.306995680862003,n1_zero_shot
242,10,262,262,0,0.6413326309790385,recovery,0.6072951109182632,crash_5f,1.3553524865044488,n1_debug50
244,11,235,235,0,0.6034687925478943,recovery,0.6191161666936379,crash_5f,1.3243091215027702,n1_zero_shot
247,11,217,217,0,0.6381941692709936,recovery,0.5887408983070412,crash_5f,1.3697038141886393,n1_debug50
247,12,275,275,0,0.5911863887928127,recovery,0.6014662216636565,crash_5f,1.323031289577484,n1_zero_shot
248,12,248,248,0,0.6272118252414227,recovery,0.5790525145402869,crash_5f,1.370334377023909,n1_debug50
250,13,251,251,2,0.6060677773314531,recovery,0.6056086110643522,crash_5f,1.3250580814149644,n1_zero_shot
251,13,234,234,2,0.6395539690664986,recovery,0.5761228293790825,crash_5f,1.3711157743136089,n1_debug50
248,14,223,223,0,0.610404525008355,recovery,0.6126730272706944,crash_5f,1.3271320417192247,n1_zero_shot
248,14,206,206,0,0.6450106591519124,recovery,0.5853476209708487,crash_5f,1.3701532700326708,n1_debug50
250,15,240,240,0,0.6050364618392887,recovery,0.5919166525563608,crash_5f,1.3060340658823648,n1_zero_shot
250,15,229,229,0,0.6393992276630964,recovery,0.5688671224058013,crash_5f,1.350070336924659,n1_debug50
248,16,248,248,0,0.6025351368086902,recovery,0.5934006999922063,crash_5f,1.3197153390778436,n1_zero_shot
250,16,235,235,0,0.6401543358407059,recovery,0.5699133718675189,crash_5f,1.3666180255677964,n1_debug50
249,17,225,225,0,0.6016071136630603,recovery,0.59543975176664,crash_5f,1.3351834048165216,n1_zero_shot
246,17,212,212,0,0.630824047068326,recovery,0.5691748779364834,crash_5f,1.3714444613456727,n1_debug50
250,18,204,204,0,0.6117973711169751,recovery,0.6071073657890247,crash_5f,1.3817785069677564,n1_zero_shot
250,18,192,192,0,0.6468181615411631,recovery,0.587436914207039,crash_5f,1.420779096285502,n1_debug50
253,19,182,182,0,0.6020696444874356,recovery,0.6024986623482862,crash_5f,1.3868891580899556,n1_zero_shot
252,19,180,180,0,0.6340545593574003,recovery,0.5796116727659462,crash_5f,1.4158054667048985,n1_debug50
253,20,202,202,0,0.5891581646233345,recovery,0.6017918066060646,crash_5f,1.3855038179291619,n1_zero_shot
252,20,186,186,0,0.6234706782296194,recovery,0.5828516606049474,crash_5f,1.4269736840989855,n1_debug50
253,21,203,203,1,0.586566273376974,recovery,0.6005761740782722,crash_5f,1.382591827975379,n1_zero_shot
252,21,202,202,1,0.6180504944897638,recovery,0.5769718030721679,crash_5f,1.4106390261650086,n1_debug50
254,22,221,221,0,0.5834887362740366,recovery,0.6002537771305861,crash_5f,1.3956386793984308,n1_zero_shot
252,22,220,220,0,0.6135641401210228,recovery,0.5810378596914785,crash_5f,1.4257591766781277,n1_debug50
253,23,220,220,0,0.5852716320407662,recovery,0.6036749864196126,crash_5f,1.3784087374475267,n1_zero_shot
252,23,217,217,0,0.6180666396288123,recovery,0.5854178659455122,crash_5f,1.410504137939877,n1_debug50
250,24,214,214,0,0.5909299548109763,recovery,0.6061031071141809,crash_5f,1.3792549671067131,n1_zero_shot
247,24,208,208,0,0.6239783423308631,recovery,0.5887446925820083,crash_5f,1.4135245392057632,n1_debug50
253,25,188,188,0,0.5900932328609575,recovery,0.6040476506916604,crash_5f,1.385219125482771,n1_zero_shot
254,25,183,183,0,0.6242542570732148,recovery,0.5827936380300351,crash_5f,1.4223677974277074,n1_debug50
254,26,204,204,0,0.5864501848665122,recovery,0.6075732810274359,crash_5f,1.3963857044114008,n1_zero_shot
254,26,199,199,0,0.6178944071820123,recovery,0.5842286929046133,crash_5f,1.4256847680939568,n1_debug50
252,27,201,201,0,0.5880008608309185,recovery,0.610482974638545,crash_5f,1.4050251433584424,n1_zero_shot
253,27,188,188,0,0.6231686462885905,recovery,0.586539988397178,crash_5f,1.442588509718577,n1_debug50
255,28,205,205,0,0.5831749603260404,recovery,0.5981934087407382,crash_5f,1.3954606130388048,n1_zero_shot
255,28,199,199,0,0.6184503306863135,recovery,0.5745847439546276,crash_5f,1.4301369563738504,n1_debug50
251,29,211,211,0,0.5934360538793665,recovery,0.6068223490556924,crash_5f,1.4019433863957722,n1_zero_shot
251,29,203,203,0,0.6313389059882848,recovery,0.5840039874546109,crash_5f,1.4411740401056077,n1_debug50
246,30,233,233,0,0.5960741144077853,recovery,0.6073970468818711,crash_5f,1.4249695936838787,n1_zero_shot
247,30,226,226,0,0.6313717771202381,recovery,0.5809913835603083,crash_5f,1.4615947564442953,n1_debug50
248,31,211,211,0,0.5958779944062164,recovery,0.6051005066408349,crash_5f,1.4200600184334649,n1_zero_shot
247,31,202,202,0,0.631411896567693,recovery,0.5798627539517403,crash_5f,1.4563377928733825,n1_debug50
244,32,223,223,0,0.5966479118381255,recovery,0.620861235202131,crash_5f,1.4237210194269816,n1_zero_shot
244,32,217,217,0,0.6294895932806703,recovery,0.5932244786751805,crash_5f,1.4545396863089668,n1_debug50
243,33,210,210,0,0.6021526877434098,recovery,0.6244788979534234,crash_5f,1.4173921701643202,n1_zero_shot
244,33,208,208,0,0.6355404579635725,recovery,0.5949949321966357,crash_5f,1.4449569188223945,n1_debug50
239,34,241,241,0,0.6122626387140561,recovery,0.6342822580675848,crash_5f,1.3968482995033265,n1_zero_shot
240,34,232,232,0,0.6448363009863475,recovery,0.6031933349969576,crash_5f,1.4254577355914646,n1_debug50
237,35,241,241,0,0.6243832006784434,recovery,0.6473122415838073,crash_5f,1.3962858380211725,n1_zero_shot
238,35,229,229,0,0.6594730314922821,recovery,0.6206623958190889,crash_5f,1.4302251972092523,n1_debug50
245,36,223,223,0,0.6278624078624658,recovery,0.6373121938247539,crash_5f,1.4122439532809787,n1_zero_shot
245,36,207,207,0,0.6641300035208894,recovery,0.6107867770145922,crash_5f,1.4548834625879923,n1_debug50
242,37,236,236,0,0.6441408854756678,recovery,0.656992340097679,crash_5f,1.4216044333246018,n1_zero_shot
245,37,222,222,0,0.68360967236805,recovery,0.625385665111361,crash_5f,1.4704423660702175,n1_debug50
245,38,207,207,1,0.6478434429986193,recovery,0.6631994132895129,crash_5f,1.4879629294077554,n1_zero_shot
247,38,190,190,1,0.6813083782209485,recovery,0.6340009322078292,crash_5f,1.531125131977929,n1_debug50
251,39,209,209,0,0.6580875429303111,recovery,0.6717863532386749,crash_5f,1.533181324534946,n1_zero_shot
253,39,197,197,0,0.6853248717370597,recovery,0.6451698863760541,crash_5f,1.5662425332599217,n1_debug50
253,40,233,233,0,0.6552300879046478,recovery,0.6538908838038756,crash_5f,1.5373665279812283,n1_zero_shot
253,40,222,222,0,0.6905324800737682,recovery,0.6298983289850417,crash_5f,1.5806623469458685,n1_debug50
0,0,134,134,0,0.7199237726181471,pre_fault,0.7199237738060824,crash_10f,1.1113762460814582,n1_zero_shot
0,0,124,124,0,0.7604220538348426,pre_fault,0.6938682929372609,crash_10f,1.1434675614039103,n1_debug50
256,1,318,318,0,0.5783855456132789,pre_fault,0.5783855464806099,crash_10f,1.1823086584938898,n1_zero_shot
256,1,302,302,0,0.6113822344977349,pre_fault,0.5568561083505247,crash_10f,1.2158063051435684,n1_debug50
248,2,250,250,0,0.5807288143693724,pre_fault,0.5796241763618181,crash_10f,1.1860521467526755,n1_zero_shot
249,2,229,229,0,0.6153696229801687,pre_fault,0.5592368696128525,crash_10f,1.2281638161341348,n1_debug50
251,3,195,195,5,0.6747229472145434,fault,0.6760281613800201,crash_10f,0.9925654398070441,n1_zero_shot
251,3,184,184,5,0.6974431089727957,fault,0.6613655763942425,crash_10f,1.023744817574819,n1_debug50
251,4,177,177,4,0.6614710027759091,fault,0.6617759418760286,crash_10f,1.049431692759196,n1_zero_shot
252,4,166,166,4,0.6845533607432229,fault,0.6442193772563415,crash_10f,1.0831578363312615,n1_debug50
250,5,190,190,3,0.6653446982754846,fault,0.6622076555782691,crash_10f,1.0800651359558104,n1_zero_shot
253,5,179,179,3,0.6928313800804834,fault,0.6483341265857134,crash_10f,1.1170046583811442,n1_debug50
251,6,169,169,4,0.6747420586946242,fault,0.6686212804593198,crash_10f,1.0921656828456454,n1_zero_shot
250,6,157,157,6,0.6987369268141529,fault,0.6506563612585705,crash_10f,1.1208588955137464,n1_debug50
252,7,195,195,8,0.6803518109586292,fault,0.6785196737606106,crash_10f,1.1083199818929037,n1_zero_shot
253,7,182,182,6,0.7042185323633949,fault,0.6597116739843918,crash_10f,1.1385899737146166,n1_debug50
249,8,197,197,6,0.6713779362902534,fault,0.6708824929925161,crash_10f,1.0896476062138876,n1_zero_shot
249,8,185,185,6,0.6944487009329186,fault,0.6520406898663147,crash_10f,1.1210636274019876,n1_debug50
243,9,188,188,3,0.6620569205666447,fault,0.6581040016051737,crash_10f,1.054617340564728,n1_zero_shot
242,9,190,190,3,0.6848858670472462,fault,0.6419572264480461,crash_10f,1.0702673382229275,n1_debug50
238,10,200,200,5,0.6759874988057545,fault,0.6873859642052432,crash_10f,1.0509665770000882,n1_zero_shot
238,10,196,196,4,0.7001397827152184,fault,0.665432813568707,crash_10f,1.0717110138469272,n1_debug50
226,11,186,186,13,0.6832627738996362,fault,0.6915773616154292,crash_10f,1.0013751135932074,n1_zero_shot
227,11,184,184,8,0.7022434757552537,fault,0.6717574462140252,crash_10f,1.0280479510625204,n1_debug50
200,12,207,207,19,0.683687112452904,fault,0.7011651436646891,crash_10f,0.9541637910736932,n1_zero_shot
200,12,194,194,21,0.7034068193554281,fault,0.6749955489741643,crash_10f,0.976726643509335,n1_debug50
199,13,241,241,0,0.6481991036067779,recovery,0.6563622245979301,crash_10f,1.2736817412906223,n1_zero_shot
195,13,231,231,0,0.6859259970541893,recovery,0.6319478490632356,crash_10f,1.3053607765833537,n1_debug50
252,14,280,280,0,0.5825117760287143,recovery,0.6068661129410301,crash_10f,1.2930879357126024,n1_zero_shot
251,14,264,264,0,0.6167529101249969,recovery,0.5857414294301524,crash_10f,1.325738268163469,n1_debug50
254,15,267,267,0,0.5807338923804858,recovery,0.6095583979233915,crash_10f,1.3149509472317167,n1_zero_shot
253,15,254,254,0,0.6117313165579296,recovery,0.5857404895210947,crash_10f,1.348358878294627,n1_debug50
249,16,247,247,0,0.5674644321605701,recovery,0.6037133937705255,crash_10f,1.2952204158571032,n1_zero_shot
249,16,234,234,0,0.6023411974677788,recovery,0.5818936324232092,crash_10f,1.3352221229341295,n1_debug50
252,17,255,255,0,0.5709624937027763,recovery,0.593829423033215,crash_10f,1.2975878553920321,n1_zero_shot
253,17,242,242,0,0.6033317824685256,recovery,0.5715131508648291,crash_10f,1.332703587214152,n1_debug50
250,18,264,264,0,0.5725517739534819,recovery,0.5900487255291884,crash_10f,1.2886200515429178,n1_zero_shot
248,18,254,254,0,0.6039461641514804,recovery,0.5661779912659187,crash_10f,1.3230656962924534,n1_debug50
248,19,273,273,0,0.5658846302715097,recovery,0.5814176784288165,crash_10f,1.2663489683469136,n1_zero_shot
248,19,261,261,0,0.6001445892266989,recovery,0.5607652257961805,crash_10f,1.308613163365258,n1_debug50
249,20,265,265,0,0.5711006021511523,recovery,0.590210915859608,crash_10f,1.2663634289635552,n1_zero_shot
249,20,250,250,0,0.603847047918357,recovery,0.5675265072733101,crash_10f,1.3101286877526177,n1_debug50
247,21,291,291,0,0.5737259031510201,recovery,0.5907448776129227,crash_10f,1.2517463273472256,n1_zero_shot
247,21,274,274,0,0.6092653565161709,recovery,0.5700873734380463,crash_10f,1.29899671792984,n1_debug50
250,22,280,280,0,0.5745138751541194,recovery,0.5978236903755038,crash_10f,1.2490821997324626,n1_zero_shot
250,22,270,270,0,0.6073515507919639,recovery,0.5765822948607332,crash_10f,1.2919660772217645,n1_debug50
250,23,295,295,0,0.5740247590789682,recovery,0.5990342590239529,crash_10f,1.24015460729599,n1_zero_shot
248,23,286,286,0,0.6098719557924698,recovery,0.5791193771325126,crash_10f,1.2788284969329835,n1_debug50
248,24,300,300,0,0.5708227450242683,recovery,0.6081141324849457,crash_10f,1.2331159477763707,n1_zero_shot
249,24,289,289,0,0.6045145780612898,recovery,0.5779073602462856,crash_10f,1.265819356441498,n1_debug50
249,25,287,287,0,0.561733099953207,recovery,0.5961897901892638,crash_10f,1.2064329669210645,n1_zero_shot
249,25,281,281,0,0.5954332223671672,recovery,0.5703449637336256,crash_10f,1.2392759958902995,n1_debug50
245,26,291,291,0,0.5675496339868608,recovery,0.6072798947984653,crash_10f,1.2087889870007833,n1_zero_shot
247,26,281,281,0,0.6030293778807908,recovery,0.5788746655763006,crash_10f,1.249479288260142,n1_debug50
247,27,295,295,0,0.5643778606071721,recovery,0.59244107853068,crash_10f,1.2112326590220133,n1_zero_shot
246,27,282,282,0,0.6018364557708871,recovery,0.571479047901614,crash_10f,1.2552972677018908,n1_debug50
244,28,284,284,0,0.5613614062716117,recovery,0.6008924511054651,crash_10f,1.1834162661764356,n1_zero_shot
245,28,280,280,0,0.594212165588171,recovery,0.5679616381860088,crash_10f,1.2186349497901068,n1_debug50
248,29,308,308,0,0.5603509862163623,recovery,0.5847371918307911,crash_10f,1.1917077289687263,n1_zero_shot
244,29,295,295,0,0.5977057834918517,recovery,0.5668411409705741,crash_10f,1.229084718492296,n1_debug50
242,30,291,291,0,0.5668444495871467,recovery,0.5915048231775116,crash_10f,1.185659629503886,n1_zero_shot
242,30,282,282,0,0.6041167534232237,recovery,0.5690240927976621,crash_10f,1.221884045600891,n1_debug50
240,31,299,299,0,0.5793423911599348,recovery,0.59341177098102,crash_10f,1.2072095937199063,n1_zero_shot
236,31,291,291,0,0.6177365005889456,recovery,0.5757864485040702,crash_10f,1.2521829602453445,n1_debug50
236,32,263,263,0,0.5950929877496222,recovery,0.6286854001048093,crash_10f,1.1911144693692526,n1_zero_shot
236,32,255,255,0,0.6317990366201919,recovery,0.6007244174756735,crash_10f,1.2340175218052334,n1_debug50
240,33,281,281,0,0.5823672620766418,recovery,0.5993740270628748,crash_10f,1.2108408204714458,n1_zero_shot
239,33,270,270,0,0.6197088954860194,recovery,0.5778779078620349,crash_10f,1.2554713087611729,n1_debug50
245,34,284,284,0,0.5957900015143711,recovery,0.614253010437415,crash_10f,1.234335695637597,n1_zero_shot
247,34,272,272,0,0.6310986207818031,recovery,0.5864927626476432,crash_10f,1.2784956341319613,n1_debug50
243,35,290,290,0,0.57931418870829,recovery,0.5965846760376047,crash_10f,1.2257212424278259,n1_zero_shot
244,35,280,280,0,0.6128966036308089,recovery,0.5761016773286998,crash_10f,1.2695561377207438,n1_debug50
250,36,270,270,0,0.5839870384026087,recovery,0.589037904362819,crash_10f,1.2438284534878201,n1_zero_shot
251,36,254,254,0,0.6141754825230712,recovery,0.5686874786762848,crash_10f,1.2817533580462137,n1_debug50
245,37,251,251,0,0.5831311984132842,recovery,0.5991216388121786,crash_10f,1.237102828555637,n1_zero_shot
245,37,240,240,0,0.6167358795335491,recovery,0.5750682072393369,crash_10f,1.2741197029749551,n1_debug50
247,38,279,279,0,0.5808236128044298,recovery,0.6032141720703715,crash_10f,1.2341178573502434,n1_zero_shot
248,38,267,267,0,0.6153835135494521,recovery,0.5795077483936945,crash_10f,1.2730620948473612,n1_debug50
245,39,277,277,0,0.5882719635054946,recovery,0.6059311697978372,crash_10f,1.2417146200603908,n1_zero_shot
246,39,267,267,0,0.6231688854104172,recovery,0.5746718819412251,crash_10f,1.2802688381406997,n1_debug50
0,0,121,121,0,0.7190384747432502,pre_fault,0.7190384736048415,crash_10f,1.0921917629241944,n1_zero_shot
0,0,116,116,0,0.7633406651132307,pre_fault,0.6911489233913347,crash_10f,1.12495338095559,n1_debug50
256,1,312,312,0,0.5786968919457132,pre_fault,0.5786968920730388,crash_10f,1.1730053199662103,n1_zero_shot
256,1,298,298,0,0.6139301756970424,pre_fault,0.5562987104263556,crash_10f,1.205907154613071,n1_debug50
214,2,277,277,0,0.5879589962687141,pre_fault,0.6018046917473545,crash_10f,1.165447833273146,n1_zero_shot
214,2,263,263,0,0.6225920884251103,pre_fault,0.5772388981363067,crash_10f,1.1993317362997267,n1_debug50
224,3,180,180,18,0.6622190898645846,fault,0.6746184854330013,crash_10f,0.9313669994142321,n1_zero_shot
228,3,173,173,15,0.6943411359088907,fault,0.6632303489573097,crash_10f,0.9652821286519369,n1_debug50
208,4,188,188,16,0.6847955277940616,fault,0.6901759098667738,crash_10f,0.941533563931783,n1_zero_shot
208,4,174,174,20,0.7075981386691766,fault,0.6753551850323729,crash_10f,0.9708387886153327,n1_debug50
213,5,192,192,12,0.6556966145557991,fault,0.6612799724218831,crash_10f,0.977901484436459,n1_zero_shot
211,5,194,194,10,0.6802747256483707,fault,0.6443124812436692,crash_10f,1.0042931691805521,n1_debug50
222,6,192,192,13,0.6587632365359543,fault,0.6613662813460811,crash_10f,1.0070189123683506,n1_zero_shot
223,6,186,186,13,0.6799928889974493,fault,0.6431279301920452,crash_10f,1.0402125181092157,n1_debug50
234,7,208,208,1,0.6536221377917187,fault,0.6530576212081468,crash_10f,1.0364619657728407,n1_zero_shot
236,7,197,197,1,0.6805426335167045,fault,0.6372176245270131,crash_10f,1.0736954871813456,n1_debug50
224,8,205,205,2,0.6442275073785532,fault,0.6512240958946878,crash_10f,1.0107744211620755,n1_zero_shot
225,8,193,193,2,0.6715280773045745,fault,0.6360976208777722,crash_10f,1.0483777104483711,n1_debug50
211,9,230,230,1,0.6517995115189559,fault,0.6646310023997303,crash_10f,1.0150973425971137,n1_zero_shot
215,9,212,212,1,0.6818100720520873,fault,0.6504763089775121,crash_10f,1.0586927300029332,n1_debug50
227,10,220,220,2,0.6467532038615731,fault,0.6671973109174834,crash_10f,1.0648164815372891,n1_zero_shot
230,10,201,201,2,0.6777709759154964,fault,0.6485163273738845,crash_10f,1.109455930656857,n1_debug50
235,11,191,191,1,0.6604425565153225,fault,0.6762834411901584,crash_10f,1.0713462217648824,n1_zero_shot
244,11,178,178,1,0.6842189317066139,fault,0.6543019826670293,crash_10f,1.12715193245146,n1_debug50
227,12,209,209,1,0.6423675651394666,fault,0.6606560188491639,crash_10f,1.0638203038109673,n1_zero_shot
235,12,195,195,1,0.6695299938754824,fault,0.6436673184584019,crash_10f,1.1115751462512546,n1_debug50
235,13,229,229,2,0.6218458340937824,recovery,0.6276008787721677,crash_10f,1.336335581673516,n1_zero_shot
238,13,204,204,2,0.6517277938837651,recovery,0.597461374808433,crash_10f,1.3766491140259636,n1_debug50
247,14,227,227,0,0.6169959736045737,recovery,0.6150403916993452,crash_10f,1.339478304386139,n1_zero_shot
250,14,207,207,0,0.6477213726914015,recovery,0.5843031113602695,crash_10f,1.3794000940852695,n1_debug50
248,15,238,238,0,0.6071893914293838,recovery,0.6014385302635485,crash_10f,1.314500437312656,n1_zero_shot
251,15,226,226,0,0.6388446585605428,recovery,0.5742334850722528,crash_10f,1.35696683883667,n1_debug50
249,16,248,248,0,0.6051806880589465,recovery,0.5975206104374436,crash_10f,1.3252499161826239,n1_zero_shot
251,16,236,236,0,0.6364523237412358,recovery,0.5703916306994289,crash_10f,1.3658044502470228,n1_debug50
249,17,223,223,0,0.6012350744420407,recovery,0.5996107529278081,crash_10f,1.335208953751458,n1_zero_shot
249,17,205,205,0,0.6365832900281718,recovery,0.5741427921172146,crash_10f,1.3753438766797383,n1_debug50
251,18,203,203,0,0.6103290667938428,recovery,0.6081176352133882,crash_10f,1.3855613085958693,n1_zero_shot
253,18,184,184,0,0.6434799169682777,recovery,0.5856555402506178,crash_10f,1.4238305107752482,n1_debug50
253,19,191,191,0,0.5979020224286398,recovery,0.6011499742813501,crash_10f,1.3745873022079467,n1_zero_shot
253,19,183,183,0,0.6360695881180529,recovery,0.5776896380294837,crash_10f,1.414223645793067,n1_debug50
252,20,201,201,0,0.5887771997283536,recovery,0.605629902343753,crash_10f,1.385049533843994,n1_zero_shot
253,20,179,179,0,0.6246886628571788,recovery,0.5807146878518987,crash_10f,1.4313652788268196,n1_debug50
253,21,206,206,1,0.5834381650343591,recovery,0.6044233665108739,crash_10f,1.3854162579112583,n1_zero_shot
254,21,198,198,1,0.618369625460146,recovery,0.5800877940628438,crash_10f,1.4236104986402724,n1_debug50
253,22,222,222,0,0.5812328547189359,recovery,0.6009936235822758,crash_10f,1.394799693690406,n1_zero_shot
253,22,213,213,0,0.6154555489702821,recovery,0.5822592501490663,crash_10f,1.4402163463168673,n1_debug50
253,23,228,228,0,0.5813306960907947,recovery,0.6036080379549608,crash_10f,1.3763506775432164,n1_zero_shot
254,23,218,218,0,0.6138213978958725,recovery,0.5821646634474199,crash_10f,1.4170036612616645,n1_debug50
248,24,216,216,0,0.588895831614282,recovery,0.6043011681295578,crash_10f,1.3804430341720582,n1_zero_shot
250,24,203,203,0,0.6258728998091947,recovery,0.5844823564693935,crash_10f,1.4304736902978685,n1_debug50
253,25,193,193,0,0.5875295134947003,recovery,0.601505604918549,crash_10f,1.3831443532307943,n1_zero_shot
255,25,181,181,0,0.6260301311580878,recovery,0.5821964803029,crash_10f,1.4416793372895982,n1_debug50
253,26,204,204,0,0.5817900177953153,recovery,0.6078942826223228,crash_10f,1.4001969917615256,n1_zero_shot
254,26,195,195,0,0.6181110304221596,recovery,0.5851904191795859,crash_10f,1.4439592954847549,n1_debug50
252,27,203,203,0,0.5886931510868136,recovery,0.6125327147846709,crash_10f,1.403911259174347,n1_zero_shot
255,27,189,189,0,0.6227405092854431,recovery,0.5879453448178318,crash_10f,1.4545480624834697,n1_debug50
255,28,209,209,0,0.5834755035040348,recovery,0.5989990533522299,crash_10f,1.394370238516066,n1_zero_shot
255,28,199,199,0,0.6189827014645888,recovery,0.577660149801496,crash_10f,1.4399235010147096,n1_debug50
251,29,212,212,0,0.591405010529308,recovery,0.6095802000925407,crash_10f,1.3992850385771858,n1_zero_shot
252,29,201,201,0,0.6309012438535618,recovery,0.5842362857787836,crash_10f,1.4506993974579705,n1_debug50
245,30,238,238,0,0.5929371857932427,recovery,0.610526458770216,crash_10f,1.4185814624362523,n1_zero_shot
246,30,222,222,0,0.6319407981552609,recovery,0.5857160693640392,crash_10f,1.4667444547017416,n1_debug50
246,31,209,209,0,0.5935732762057133,recovery,0.607144905606788,crash_10f,1.4148916949166193,n1_zero_shot
247,31,199,199,0,0.6316782188083326,recovery,0.5847311510921539,crash_10f,1.4588912585046556,n1_debug50
242,32,227,227,0,0.5934845359076423,recovery,0.6239587600479998,crash_10f,1.41144143793318,n1_zero_shot
243,32,217,217,0,0.6309426058229903,recovery,0.5992626769007003,crash_10f,1.4575410845544603,n1_debug50
242,33,217,217,0,0.6036338554099775,recovery,0.626583960686784,crash_10f,1.3986972835328844,n1_zero_shot
242,33,208,208,0,0.6369740029260942,recovery,0.600886871506781,crash_10f,1.4453533318307665,n1_debug50
238,34,239,239,0,0.6104092353293653,recovery,0.6356118984281772,crash_10f,1.3892779694663153,n1_zero_shot
241,34,230,230,0,0.6460059181155687,recovery,0.6042549573851612,crash_10f,1.430323284731971,n1_debug50
237,35,246,246,0,0.6247115157152059,recovery,0.649685841997729,crash_10f,1.3854395288891261,n1_zero_shot
237,35,227,227,0,0.6614388809638713,recovery,0.6205164254557421,crash_10f,1.4306163801087273,n1_debug50
243,36,221,221,0,0.6300083622865972,recovery,0.6411814400050581,crash_10f,1.4064890305201212,n1_zero_shot
244,36,205,205,0,0.6650971521497376,recovery,0.6102539113528898,crash_10f,1.4545807986789279,n1_debug50
240,37,238,238,0,0.6265836896443082,recovery,0.6539288094914202,crash_10f,1.414702538119422,n1_zero_shot
245,37,225,225,0,0.6660992113642654,recovery,0.6135170476544191,crash_10f,1.4661719613605075,n1_debug50
246,38,204,204,1,0.647982151506534,recovery,0.6644993777105181,crash_10f,1.483781648212009,n1_zero_shot
249,38,185,185,1,0.68369899912975,recovery,0.6310555951748928,crash_10f,1.533316793176863,n1_debug50
251,39,207,207,0,0.6588200575428257,recovery,0.6676093120002896,crash_10f,1.5266170263290406,n1_zero_shot
253,39,194,194,0,0.6850970774846076,recovery,0.6377577632907039,crash_10f,1.565337265862359,n1_debug50
254,40,235,235,0,0.6572106566957474,recovery,0.6550865637925031,crash_10f,1.5357019501262241,n1_zero_shot
253,40,222,222,0,0.6887145230458727,recovery,0.627869859823566,crash_10f,1.5779763552877637,n1_debug50
0,0,134,134,0,0.7199237726181471,pre_fault,0.7199237738060824,compound_10f,1.1113762460814582,n1_zero_shot
0,0,124,124,0,0.7604220538348426,pre_fault,0.6938682929372609,compound_10f,1.1434675614039103,n1_debug50
256,1,318,318,0,0.5783855456132789,pre_fault,0.5783855464806099,compound_10f,1.1823086584938898,n1_zero_shot
256,1,302,302,0,0.6113822344977349,pre_fault,0.5568561083505247,compound_10f,1.2158063051435684,n1_debug50
248,2,250,250,0,0.5807288143693724,pre_fault,0.5796241763618181,compound_10f,1.1860521467526755,n1_zero_shot
249,2,229,229,0,0.6153696229801687,pre_fault,0.5592368696128525,compound_10f,1.2281638161341348,n1_debug50
251,3,131,131,28,0.6968626347287669,fault,0.6970101019676731,compound_10f,0.8898528022236294,n1_zero_shot
251,3,122,122,27,0.7211006319936415,fault,0.6824211730167347,compound_10f,0.9184169514973959,n1_debug50
254,4,157,157,17,0.6798040496664,fault,0.6721936491373787,compound_10f,0.8977014131016201,n1_zero_shot
254,4,147,147,16,0.7002725143287594,fault,0.6535922954256728,compound_10f,0.9272007319662307,n1_debug50
249,5,152,152,16,0.6819809185841929,fault,0.6694171143926629,compound_10f,0.9033933520317078,n1_zero_shot
249,5,143,143,20,0.7061527207278203,fault,0.6553657572428488,compound_10f,0.9275496872266134,n1_debug50
249,6,131,131,25,0.695599665598778,fault,0.6739510113903968,compound_10f,0.9032849611176385,n1_zero_shot
251,6,129,129,22,0.7182227792348063,fault,0.6590303195753627,compound_10f,0.9340409225887722,n1_debug50
249,7,140,140,22,0.6990475225626833,fault,0.6813032559077692,compound_10f,0.9114291122224596,n1_zero_shot
250,7,124,124,26,0.7261521052249525,fault,0.6671814312283172,compound_10f,0.9443139947785272,n1_debug50
246,8,170,170,21,0.6792177694694117,fault,0.6720000252524537,compound_10f,0.8998559607399834,n1_zero_shot
246,8,154,154,24,0.7066178959793504,fault,0.6515072020712102,compound_10f,0.9275985699229771,n1_debug50
238,9,164,164,14,0.6658148172983422,fault,0.6582055502635482,compound_10f,0.8682317418522305,n1_zero_shot
238,9,151,151,16,0.6898485795013067,fault,0.6418835979466841,compound_10f,0.8962198572688632,n1_debug50
236,10,152,152,10,0.682048295392398,fault,0.6838047929238638,compound_10f,0.8689623281690809,n1_zero_shot
238,10,142,142,10,0.7062665780661065,fault,0.6698488675180391,compound_10f,0.902508671813541,n1_debug50
221,11,133,133,13,0.6811838236263509,fault,0.6871597821407711,compound_10f,0.8209219405386183,n1_zero_shot
221,11,117,117,23,0.7125483055732226,fault,0.6744625934139885,compound_10f,0.8461498877737257,n1_debug50
212,12,114,114,19,0.7043677420115313,fault,0.7051332758532914,compound_10f,0.7912792187266879,n1_zero_shot
211,12,108,108,21,0.7216591677518359,fault,0.6791466569716847,compound_10f,0.8120062743292914,n1_debug50
209,13,240,240,0,0.6451363169958954,recovery,0.6469835221386282,compound_10f,1.2146542625957064,n1_zero_shot
213,13,231,231,0,0.6795114806233795,recovery,0.6210156140704844,compound_10f,1.2546704530715942,n1_debug50
249,14,287,287,0,0.5910199314536169,recovery,0.5958176269259886,compound_10f,1.267877350118425,n1_zero_shot
249,14,270,270,0,0.6289127638668834,recovery,0.5731103145040811,compound_10f,1.3156278403600057,n1_debug50
249,15,271,271,0,0.5853071151446136,recovery,0.5957943936702406,compound_10f,1.2810092163085938,n1_zero_shot
249,15,255,255,0,0.6199843431497364,recovery,0.5740554912301368,compound_10f,1.327214118109809,n1_debug50
249,16,256,256,0,0.5781689668713795,recovery,0.5955348911027404,compound_10f,1.2736452507972718,n1_zero_shot
250,16,238,238,0,0.612566476316065,recovery,0.5719632400763763,compound_10f,1.3153091679679023,n1_debug50
247,17,265,265,0,0.5788196180310425,recovery,0.599512862315827,compound_10f,1.2698381479581198,n1_zero_shot
250,17,247,247,0,0.6146169782329303,recovery,0.5753933118780383,compound_10f,1.3251930851406521,n1_debug50
247,18,273,273,0,0.5855305461382673,recovery,0.589682274706204,compound_10f,1.2690107848909167,n1_zero_shot
249,18,259,259,0,0.61995899637488,recovery,0.5648742421087827,compound_10f,1.3198701275719538,n1_debug50
243,19,270,270,0,0.5807819533555917,recovery,0.5883006274119114,compound_10f,1.2629880730311076,n1_zero_shot
244,19,257,257,0,0.6132617408631109,recovery,0.5626882820288807,compound_10f,1.3059520387649537,n1_debug50
248,20,260,260,0,0.5821344420973493,recovery,0.5920545271072929,compound_10f,1.2673502935303582,n1_zero_shot
249,20,244,244,0,0.6175137074897514,recovery,0.5683942176694802,compound_10f,1.3159331589274936,n1_debug50
245,21,283,283,0,0.5901307156994269,recovery,0.597691475892886,compound_10f,1.26280977540546,n1_zero_shot
246,21,268,268,0,0.6235705176311165,recovery,0.5713829002523516,compound_10f,1.3052227838834127,n1_debug50
249,22,278,278,0,0.5794040530283696,recovery,0.5959938808147346,compound_10f,1.256042869620853,n1_zero_shot
250,22,273,273,0,0.6151194788625356,recovery,0.570712581811208,compound_10f,1.2953201243612502,n1_debug50
248,23,298,298,0,0.5830509840817354,recovery,0.6023106103406505,compound_10f,1.2379179501533508,n1_zero_shot
248,23,288,288,0,0.6152698502409946,recovery,0.577770758659181,compound_10f,1.2776623148388333,n1_debug50
247,24,293,293,0,0.575761006949651,recovery,0.6031474687848909,compound_10f,1.2292904278967116,n1_zero_shot
250,24,289,289,0,0.6070327358037106,recovery,0.576988609621913,compound_10f,1.2629521923595004,n1_debug50
247,25,290,290,0,0.5706983773170167,recovery,0.5874391618724455,compound_10f,1.2026387002733019,n1_zero_shot
246,25,284,284,0,0.6028652274918529,recovery,0.5650182751457039,compound_10f,1.2344524712032743,n1_debug50
246,26,292,292,0,0.5699215352431182,recovery,0.5932157330230817,compound_10f,1.2009397938516404,n1_zero_shot
247,26,281,281,0,0.6019905482391825,recovery,0.573984841580687,compound_10f,1.2394413044717576,n1_debug50
245,27,286,286,0,0.5724738664978016,recovery,0.5868486620421064,compound_10f,1.2090379224883185,n1_zero_shot
246,27,276,276,0,0.6075099595862621,recovery,0.565569807848536,compound_10f,1.24792299773958,n1_debug50
246,28,289,289,0,0.5627051681978367,recovery,0.5891887111167294,compound_10f,1.172079693476359,n1_zero_shot
246,28,284,284,0,0.5942102844328514,recovery,0.5676535094741891,compound_10f,1.2062882240613302,n1_debug50
247,29,307,307,0,0.5648503692552546,recovery,0.5836845351364284,compound_10f,1.1826334836747912,n1_zero_shot
247,29,293,293,0,0.5983603777275817,recovery,0.5627590385623935,compound_10f,1.2203734106487698,n1_debug50
243,30,291,291,0,0.5707694407710113,recovery,0.5851530974027818,compound_10f,1.17415211836497,n1_zero_shot
244,30,284,284,0,0.6052100191425792,recovery,0.5649198586836344,compound_10f,1.2121480581495496,n1_debug50
238,31,301,301,0,0.5845285909472839,recovery,0.5902779366321723,compound_10f,1.2013023447990419,n1_zero_shot
241,31,287,287,0,0.6181752256657337,recovery,0.5684368766724033,compound_10f,1.2440305021074083,n1_debug50
236,32,263,263,0,0.5806091774862135,recovery,0.6006720736259761,compound_10f,1.1830931859546236,n1_zero_shot
236,32,255,255,0,0.614062978872636,recovery,0.575257577458099,compound_10f,1.2242679097917344,n1_debug50
242,33,284,284,0,0.5816121548016299,recovery,0.5967524104838189,compound_10f,1.2013316459125942,n1_zero_shot
243,33,270,270,0,0.6157491858747677,recovery,0.5754927106000812,compound_10f,1.247841206126743,n1_debug50
245,34,286,286,0,0.5852982721756353,recovery,0.5993970897663303,compound_10f,1.2262158356772528,n1_zero_shot
248,34,271,271,0,0.6187137869110363,recovery,0.5767914075155519,compound_10f,1.275443717373742,n1_debug50
243,35,291,291,0,0.5807964847698265,recovery,0.5966116763171312,compound_10f,1.2207914757728577,n1_zero_shot
246,35,278,278,0,0.6153807020632223,recovery,0.5720035035713295,compound_10f,1.2644979961713154,n1_debug50
250,36,271,271,0,0.5840406968526719,recovery,0.5813186839202911,compound_10f,1.2334275682767233,n1_zero_shot
251,36,256,256,0,0.6149788141028367,recovery,0.5646856361644708,compound_10f,1.2765914437505934,n1_debug50
245,37,255,255,0,0.5843122783760208,recovery,0.5914266573573521,compound_10f,1.2294169881608752,n1_zero_shot
247,37,242,242,0,0.6156823807022689,recovery,0.5692136884995442,compound_10f,1.2712330585055882,n1_debug50
247,38,278,278,0,0.5802255161038695,recovery,0.6043173192529927,compound_10f,1.229025830162896,n1_zero_shot
251,38,268,268,0,0.613187478921056,recovery,0.5810113851741667,compound_10f,1.2736273754967584,n1_debug50
245,39,278,278,0,0.5922698196395367,recovery,0.6060030111544811,compound_10f,1.2387350834740534,n1_zero_shot
246,39,267,267,0,0.6226436388460601,recovery,0.5798972711064163,compound_10f,1.2804059388902451,n1_debug50
0,0,121,121,0,0.7190384747432502,pre_fault,0.7190384736048415,compound_10f,1.0921917629241944,n1_zero_shot
0,0,116,116,0,0.7633406651132307,pre_fault,0.6911489233913347,compound_10f,1.12495338095559,n1_debug50
256,1,312,312,0,0.5786968919457132,pre_fault,0.5786968920730388,compound_10f,1.1730053199662103,n1_zero_shot
256,1,298,298,0,0.6139301756970424,pre_fault,0.5562987104263556,compound_10f,1.205907154613071,n1_debug50
214,2,277,277,0,0.5879589962687141,pre_fault,0.6018046917473545,compound_10f,1.165447833273146,n1_zero_shot
214,2,263,263,0,0.6225920884251103,pre_fault,0.5772388981363067,compound_10f,1.1993317362997267,n1_debug50
224,3,110,110,41,0.6683728917609183,fault,0.6789928511398122,compound_10f,0.8001503398683336,n1_zero_shot
228,3,100,100,45,0.7039099604160713,fault,0.6702726497629381,compound_10f,0.8293730685445997,n1_debug50
219,4,89,89,24,0.6942183709628515,fault,0.7002659079762743,compound_10f,0.7571078941557142,n1_zero_shot
218,4,80,80,31,0.7179990984637733,fault,0.6816721868462817,compound_10f,0.7807425183720059,n1_debug50
214,5,112,112,28,0.6668007898199634,fault,0.6668542284949399,compound_10f,0.7621572536892361,n1_zero_shot
216,5,108,108,28,0.691609147711993,fault,0.6516131415075356,compound_10f,0.7870315061675177,n1_debug50
215,6,102,102,30,0.669775534600189,fault,0.669388794854037,compound_10f,0.7733421023686727,n1_zero_shot
219,6,89,89,36,0.695682741941037,fault,0.6572994405686017,compound_10f,0.804501514699724,n1_debug50
231,7,120,120,29,0.6655319975958649,fault,0.6643745522653275,compound_10f,0.8035082978672451,n1_zero_shot
236,7,114,114,29,0.6974267716414062,fault,0.6498085310320263,compound_10f,0.8356972506311204,n1_debug50
218,8,108,108,27,0.6475360911539347,fault,0.6602346038683926,compound_10f,0.7692612353960673,n1_zero_shot
219,8,107,107,29,0.6771965437905194,fault,0.6473160481083632,compound_10f,0.7932103509373135,n1_debug50
218,9,136,136,24,0.6533784776450252,fault,0.6751403158501047,compound_10f,0.7992925037278069,n1_zero_shot
216,9,122,122,23,0.6796332005133479,fault,0.6561878968535162,compound_10f,0.8228492890463935,n1_debug50
235,10,130,130,20,0.6591215069448794,fault,0.6762043775882208,compound_10f,0.8647979254192776,n1_zero_shot
235,10,118,118,24,0.6915191228795665,fault,0.6581779082389887,compound_10f,0.8917335046662225,n1_debug50
239,11,119,119,22,0.6588871745224959,fault,0.683149547085544,compound_10f,0.8490882317225138,n1_zero_shot
240,11,104,104,25,0.6891430713009554,fault,0.6668965367346871,compound_10f,0.8832735790146722,n1_debug50
233,12,156,156,20,0.6552393701157615,fault,0.6827851930726204,compound_10f,0.8521957429250081,n1_zero_shot
238,12,136,136,31,0.6897535563839913,fault,0.6667638633251879,compound_10f,0.8962643763754103,n1_debug50
240,13,273,273,2,0.6133509194573572,recovery,0.6273190951629305,compound_10f,1.2445872508154976,n1_zero_shot
238,13,249,249,2,0.6512356167697643,recovery,0.6036283933865071,compound_10f,1.2869986046685113,n1_debug50
243,14,245,245,0,0.6173425535624233,recovery,0.6326674027425334,compound_10f,1.2870389787356058,n1_zero_shot
243,14,224,224,0,0.6537477214307293,recovery,0.6074775434944283,compound_10f,1.3281602777375114,n1_debug50
243,15,257,257,0,0.6077059890785962,recovery,0.6114728846638418,compound_10f,1.2727043022049798,n1_zero_shot
244,15,247,247,0,0.6378383897383277,recovery,0.5885984022628353,compound_10f,1.3106753015518189,n1_debug50
244,16,261,261,2,0.5994615624865566,recovery,0.6006208118668106,compound_10f,1.2768747364150153,n1_zero_shot
245,16,251,251,2,0.6340089046647013,recovery,0.578373774825517,compound_10f,1.3165472849210103,n1_debug50
243,17,239,239,0,0.5850743404061521,recovery,0.598519040835308,compound_10f,1.2806870232688057,n1_zero_shot
243,17,220,220,0,0.6168218186794858,recovery,0.5789034984187962,compound_10f,1.316911621623569,n1_debug50
245,18,222,222,0,0.5990231218752708,recovery,0.6068179511342271,compound_10f,1.3277641391754151,n1_zero_shot
247,18,206,206,0,0.6337481309592791,recovery,0.5863665897088705,compound_10f,1.371185827255249,n1_debug50
247,19,205,205,0,0.5906055056206155,recovery,0.5957840568159231,compound_10f,1.3126654844813876,n1_zero_shot
246,19,191,191,0,0.6282070872492761,recovery,0.5803759207311042,compound_10f,1.3633857528368631,n1_debug50
249,20,216,216,0,0.5845668326734861,recovery,0.6018531975035686,compound_10f,1.335201199584537,n1_zero_shot
251,20,191,191,0,0.6204619356715914,recovery,0.5774627766557412,compound_10f,1.38420355214013,n1_debug50
250,21,211,211,0,0.5821848744910931,recovery,0.6064463518177056,compound_10f,1.3469445072280035,n1_zero_shot
249,21,204,204,0,0.6128055520686118,recovery,0.5835652740586594,compound_10f,1.3792182143529257,n1_debug50
251,22,236,236,0,0.5818983738673604,recovery,0.6082514942668301,compound_10f,1.3528642937872144,n1_zero_shot
251,22,226,226,0,0.6100190139395755,recovery,0.5828347382726932,compound_10f,1.3938689306047227,n1_debug50
246,23,235,235,0,0.5780167806889669,recovery,0.6158823539831171,compound_10f,1.339754450056288,n1_zero_shot
249,23,224,224,0,0.6075325457940569,recovery,0.5918231364597002,compound_10f,1.3790683971510993,n1_debug50
251,24,215,215,0,0.5919889407925539,recovery,0.6127328200370501,compound_10f,1.357704635726081,n1_zero_shot
251,24,215,215,0,0.6179788449783903,recovery,0.5902008589835767,compound_10f,1.386301109790802,n1_debug50
250,25,198,198,0,0.5828173135682485,recovery,0.606686456312881,compound_10f,1.3459312428368462,n1_zero_shot
252,25,192,192,0,0.6151387734200733,recovery,0.5880237510469439,compound_10f,1.3888868726624384,n1_debug50
251,26,213,213,0,0.5871022815710515,recovery,0.6109489804585558,compound_10f,1.3574504282739428,n1_zero_shot
252,26,205,205,0,0.6141951678437398,recovery,0.588870191666794,compound_10f,1.39786094294654,n1_debug50
250,27,208,208,0,0.5904879074667714,recovery,0.6127893798435169,compound_10f,1.3704496216773987,n1_zero_shot
253,27,197,197,0,0.6216838388613961,recovery,0.5896186367128292,compound_10f,1.413546920352512,n1_debug50
254,28,212,212,0,0.5861981460906556,recovery,0.6002211475397209,compound_10f,1.3657680654525757,n1_zero_shot
253,28,211,211,0,0.6168951964438031,recovery,0.5779921152013773,compound_10f,1.3950352671411301,n1_debug50
250,29,213,213,0,0.5918606921540509,recovery,0.6089197320075899,compound_10f,1.373456171353658,n1_zero_shot
251,29,210,210,0,0.6285617062704253,recovery,0.5857126301291675,compound_10f,1.4120795583724977,n1_debug50
244,30,241,241,0,0.5958053819426096,recovery,0.6059304410505818,compound_10f,1.3876640674802991,n1_zero_shot
245,30,231,231,0,0.6290231260449501,recovery,0.5839530256048756,compound_10f,1.4227866853608024,n1_debug50
246,31,214,214,0,0.5945039830740599,recovery,0.6070539897533904,compound_10f,1.3862999007436965,n1_zero_shot
246,31,204,204,0,0.6290449070176318,recovery,0.5829086355076917,compound_10f,1.4263282457987467,n1_debug50
243,32,229,229,0,0.5946726967460431,recovery,0.616815229126637,compound_10f,1.3923723639382257,n1_zero_shot
243,32,222,222,0,0.6283747918514445,recovery,0.5955639613261269,compound_10f,1.4282821469836764,n1_debug50
240,33,220,220,0,0.598420582422182,recovery,0.6194204705865837,compound_10f,1.3738064914279513,n1_zero_shot
242,33,216,216,0,0.6356127228113417,recovery,0.5948251423752206,compound_10f,1.413010347419315,n1_debug50
238,34,246,246,0,0.6070303572132829,recovery,0.6311796376984409,compound_10f,1.363415211306678,n1_zero_shot
236,34,235,235,0,0.6450484897219189,recovery,0.6081550936862872,compound_10f,1.4001263846291436,n1_debug50
237,35,250,250,0,0.622745216513891,recovery,0.6430644288502526,compound_10f,1.36346840567059,n1_zero_shot
238,35,234,234,0,0.6584976547847843,recovery,0.6146535347985903,compound_10f,1.404734677473704,n1_debug50
240,36,233,233,0,0.638640020023981,recovery,0.6460273121879,compound_10f,1.380807449552748,n1_zero_shot
243,36,215,215,0,0.6778350489077831,recovery,0.6133155641609064,compound_10f,1.4292003287209405,n1_debug50
241,37,247,247,0,0.6425735574115925,recovery,0.656876140157327,compound_10f,1.3892166715198093,n1_zero_shot
245,37,229,229,0,0.6806013948856388,recovery,0.623093968168665,compound_10f,1.4407575278811984,n1_debug50
242,38,215,215,1,0.6464368561991735,recovery,0.6630993984417273,compound_10f,1.4570597757233514,n1_zero_shot
247,38,195,195,1,0.6787814379978517,recovery,0.6285565392391398,compound_10f,1.5038416282335918,n1_debug50
251,39,212,212,0,0.655950006386735,recovery,0.6651446285544244,compound_10f,1.5069107529852126,n1_zero_shot
253,39,207,207,0,0.6839626625812117,recovery,0.6298420623858446,compound_10f,1.539438962671492,n1_debug50
252,40,236,236,0,0.6516587068152683,recovery,0.6495814878306797,compound_10f,1.5059496474266052,n1_zero_shot
252,40,230,230,0,0.6882507397823961,recovery,0.6238082960188596,compound_10f,1.5470105380482144,n1_debug50
